Food product,Land use change,Animal Feed,Farm,Processing,Transport,Packging,Retail,Total_emissions,Eutrophying emissions per 1000kcal (gPO₄eq per 1000kcal),Eutrophying emissions per kilogram (gPO₄eq per kilogram),Eutrophying emissions per 100g protein (gPO₄eq per 100 grams protein),Freshwater withdrawals per 1000kcal (liters per 1000kcal),Freshwater withdrawals per 100g protein (liters per 100g protein),Freshwater withdrawals per kilogram (liters per kilogram),Greenhouse gas emissions per 1000kcal (kgCO₂eq per 1000kcal),Greenhouse gas emissions per 100g protein (kgCO₂eq per 100g protein),Land use per 1000kcal (m² per 1000kcal),Land use per kilogram (m² per kilogram),Land use per 100g protein (m² per 100g protein),Scarcity-weighted water use per kilogram (liters per kilogram),Scarcity-weighted water use per 100g protein (liters per 100g protein),Scarcity-weighted water use per 1000kcal (liters per 1000 kilocalories),Unnamed: 0,Country,Production (tonnes),Emissions_per_tonne
Apples,0.0,0.0,0.2,0.0,0.1,0.0,0.0,0.3,3.02,1.45,48.33,375.21,6003.33,180.1,0.9,14.33,1.31,0.63,21.0,12948.6,431620.0,26976.25,714.0,Albania,59566.54,17869.962
Apples,0.0,0.0,0.2,0.0,0.1,0.0,0.0,0.3,3.02,1.45,48.33,375.21,6003.33,180.1,0.9,14.33,1.31,0.63,21.0,12948.6,431620.0,26976.25,715.0,Austria,288728.91,86618.673
Apples,0.0,0.0,0.2,0.0,0.1,0.0,0.0,0.3,3.02,1.45,48.33,375.21,6003.33,180.1,0.9,14.33,1.31,0.63,21.0,12948.6,431620.0,26976.25,716.0,Belarus,378459.64,113537.892
Apples,0.0,0.0,0.2,0.0,0.1,0.0,0.0,0.3,3.02,1.45,48.33,375.21,6003.33,180.1,0.9,14.33,1.31,0.63,21.0,12948.6,431620.0,26976.25,717.0,Belgium,144029.23,43208.769
Apples,0.0,0.0,0.2,0.0,0.1,0.0,0.0,0.3,3.02,1.45,48.33,375.21,6003.33,180.1,0.9,14.33,1.31,0.63,21.0,12948.6,431620.0,26976.25,718.0,Bosnia and Herzegovina,1816088.82,544826.646
Apples,0.0,0.0,0.2,0.0,0.1,0.0,0.0,0.3,3.02,1.45,48.33,375.21,6003.33,180.1,0.9,14.33,1.31,0.63,21.0,12948.6,431620.0,26976.25,719.0,Bulgaria,8622.23,2586.669
Apples,0.0,0.0,0.2,0.0,0.1,0.0,0.0,0.3,3.02,1.45,48.33,375.21,6003.33,180.1,0.9,14.33,1.31,0.63,21.0,12948.6,431620.0,26976.25,720.0,Croatia,24364.79,7309.437
Apples,0.0,0.0,0.2,0.0,0.1,0.0,0.0,0.3,3.02,1.45,48.33,375.21,6003.33,180.1,0.9,14.33,1.31,0.63,21.0,12948.6,431620.0,26976.25,721.0,Czechia,160.31,48.092999999999996
Apples,0.0,0.0,0.2,0.0,0.1,0.0,0.0,0.3,3.02,1.45,48.33,375.21,6003.33,180.1,0.9,14.33,1.31,0.63,21.0,12948.6,431620.0,26976.25,722.0,Denmark,1669692.68,500907.80399999995
Apples,0.0,0.0,0.2,0.0,0.1,0.0,0.0,0.3,3.02,1.45,48.33,375.21,6003.33,180.1,0.9,14.33,1.31,0.63,21.0,12948.6,431620.0,26976.25,723.0,Estonia,36550.0,10965.0
Apples,0.0,0.0,0.2,0.0,0.1,0.0,0.0,0.3,3.02,1.45,48.33,375.21,6003.33,180.1,0.9,14.33,1.31,0.63,21.0,12948.6,431620.0,26976.25,724.0,Finland,3897.5,1169.25
Apples,0.0,0.0,0.2,0.0,0.1,0.0,0.0,0.3,3.02,1.45,48.33,375.21,6003.33,180.1,0.9,14.33,1.31,0.63,21.0,12948.6,431620.0,26976.25,725.0,France,2217.11,665.133
Apples,0.0,0.0,0.2,0.0,0.1,0.0,0.0,0.3,3.02,1.45,48.33,375.21,6003.33,180.1,0.9,14.33,1.31,0.63,21.0,12948.6,431620.0,26976.25,726.0,Germany,36344.73,10903.419
Apples,0.0,0.0,0.2,0.0,0.1,0.0,0.0,0.3,3.02,1.45,48.33,375.21,6003.33,180.1,0.9,14.33,1.31,0.63,21.0,12948.6,431620.0,26976.25,727.0,Greece,355777.27,106733.181
Apples,0.0,0.0,0.2,0.0,0.1,0.0,0.0,0.3,3.02,1.45,48.33,375.21,6003.33,180.1,0.9,14.33,1.31,0.63,21.0,12948.6,431620.0,26976.25,728.0,Hungary,785361.27,235608.381
Apples,0.0,0.0,0.2,0.0,0.1,0.0,0.0,0.3,3.02,1.45,48.33,375.21,6003.33,180.1,0.9,14.33,1.31,0.63,21.0,12948.6,431620.0,26976.25,729.0,Ireland,959262.0,287778.6
Apples,0.0,0.0,0.2,0.0,0.1,0.0,0.0,0.3,3.02,1.45,48.33,375.21,6003.33,180.1,0.9,14.33,1.31,0.63,21.0,12948.6,431620.0,26976.25,730.0,Italy,29843.23,8952.969
Apples,0.0,0.0,0.2,0.0,0.1,0.0,0.0,0.3,3.02,1.45,48.33,375.21,6003.33,180.1,0.9,14.33,1.31,0.63,21.0,12948.6,431620.0,26976.25,731.0,Latvia,3874261.85,1162278.555
Apples,0.0,0.0,0.2,0.0,0.1,0.0,0.0,0.3,3.02,1.45,48.33,375.21,6003.33,180.1,0.9,14.33,1.31,0.63,21.0,12948.6,431620.0,26976.25,732.0,Lithuania,797844.14,239353.242
Apples,0.0,0.0,0.2,0.0,0.1,0.0,0.0,0.3,3.02,1.45,48.33,375.21,6003.33,180.1,0.9,14.33,1.31,0.63,21.0,12948.6,431620.0,26976.25,733.0,Luxembourg,260718.0,78215.4
Apples,0.0,0.0,0.2,0.0,0.1,0.0,0.0,0.3,3.02,1.45,48.33,375.21,6003.33,180.1,0.9,14.33,1.31,0.63,21.0,12948.6,431620.0,26976.25,734.0,Malta,686467.5,205940.25
Apples,0.0,0.0,0.2,0.0,0.1,0.0,0.0,0.3,3.02,1.45,48.33,375.21,6003.33,180.1,0.9,14.33,1.31,0.63,21.0,12948.6,431620.0,26976.25,735.0,Montenegro,28121785.75,8436535.725
Apples,0.0,0.0,0.2,0.0,0.1,0.0,0.0,0.3,3.02,1.45,48.33,375.21,6003.33,180.1,0.9,14.33,1.31,0.63,21.0,12948.6,431620.0,26976.25,736.0,Netherlands,804494.96,241348.48799999998
Apples,0.0,0.0,0.2,0.0,0.1,0.0,0.0,0.3,3.02,1.45,48.33,375.21,6003.33,180.1,0.9,14.33,1.31,0.63,21.0,12948.6,431620.0,26976.25,737.0,North Macedonia,1205613.82,361684.146
Apples,0.0,0.0,0.2,0.0,0.1,0.0,0.0,0.3,3.02,1.45,48.33,375.21,6003.33,180.1,0.9,14.33,1.31,0.63,21.0,12948.6,431620.0,26976.25,738.0,Poland,166823.06,50046.918
Apples,0.0,0.0,0.2,0.0,0.1,0.0,0.0,0.3,3.02,1.45,48.33,375.21,6003.33,180.1,0.9,14.33,1.31,0.63,21.0,12948.6,431620.0,26976.25,739.0,Portugal,4527690.55,1358307.1649999998
Apples,0.0,0.0,0.2,0.0,0.1,0.0,0.0,0.3,3.02,1.45,48.33,375.21,6003.33,180.1,0.9,14.33,1.31,0.63,21.0,12948.6,431620.0,26976.25,740.0,Romania,165661.81,49698.543
Apples,0.0,0.0,0.2,0.0,0.1,0.0,0.0,0.3,3.02,1.45,48.33,375.21,6003.33,180.1,0.9,14.33,1.31,0.63,21.0,12948.6,431620.0,26976.25,741.0,Serbia,568828.73,170648.61899999998
Apples,0.0,0.0,0.2,0.0,0.1,0.0,0.0,0.3,3.02,1.45,48.33,375.21,6003.33,180.1,0.9,14.33,1.31,0.63,21.0,12948.6,431620.0,26976.25,742.0,Slovakia,894001.38,268200.414
Apples,0.0,0.0,0.2,0.0,0.1,0.0,0.0,0.3,3.02,1.45,48.33,375.21,6003.33,180.1,0.9,14.33,1.31,0.63,21.0,12948.6,431620.0,26976.25,743.0,Slovenia,585440.01,175632.003
Apples,0.0,0.0,0.2,0.0,0.1,0.0,0.0,0.3,3.02,1.45,48.33,375.21,6003.33,180.1,0.9,14.33,1.31,0.63,21.0,12948.6,431620.0,26976.25,744.0,Spain,2379569.68,713870.904
Apples,0.0,0.0,0.2,0.0,0.1,0.0,0.0,0.3,3.02,1.45,48.33,375.21,6003.33,180.1,0.9,14.33,1.31,0.63,21.0,12948.6,431620.0,26976.25,745.0,Sweden,4308445.2,1292533.56
Apples,0.0,0.0,0.2,0.0,0.1,0.0,0.0,0.3,3.02,1.45,48.33,375.21,6003.33,180.1,0.9,14.33,1.31,0.63,21.0,12948.6,431620.0,26976.25,746.0,Switzerland,777390.06,233217.018
Apples,0.0,0.0,0.2,0.0,0.1,0.0,0.0,0.3,3.02,1.45,48.33,375.21,6003.33,180.1,0.9,14.33,1.31,0.63,21.0,12948.6,431620.0,26976.25,747.0,Ukraine,26949.31,8084.793
Bananas,0.0,0.0,0.3,0.1,0.3,0.1,0.0,0.8,5.48,3.29,36.56,190.83,1272.22,114.5,1.43,9.56,3.22,1.93,21.44,661.9,7354.44,1103.17,646.0,Albania,281136.36,224909.088
Bananas,0.0,0.0,0.3,0.1,0.3,0.1,0.0,0.8,5.48,3.29,36.56,190.83,1272.22,114.5,1.43,9.56,3.22,1.93,21.44,661.9,7354.44,1103.17,647.0,Austria,719.18,575.3439999999999
Bananas,0.0,0.0,0.3,0.1,0.3,0.1,0.0,0.8,5.48,3.29,36.56,190.83,1272.22,114.5,1.43,9.56,3.22,1.93,21.44,661.9,7354.44,1103.17,648.0,Belarus,3800761.03,3040608.824
Bananas,0.0,0.0,0.3,0.1,0.3,0.1,0.0,0.8,5.48,3.29,36.56,190.83,1272.22,114.5,1.43,9.56,3.22,1.93,21.44,661.9,7354.44,1103.17,649.0,Belgium,5468410.18,4374728.144
Bananas,0.0,0.0,0.3,0.1,0.3,0.1,0.0,0.8,5.48,3.29,36.56,190.83,1272.22,114.5,1.43,9.56,3.22,1.93,21.44,661.9,7354.44,1103.17,650.0,Bosnia and Herzegovina,5546.21,4436.968
Bananas,0.0,0.0,0.3,0.1,0.3,0.1,0.0,0.8,5.48,3.29,36.56,190.83,1272.22,114.5,1.43,9.56,3.22,1.93,21.44,661.9,7354.44,1103.17,651.0,Bulgaria,6053692.86,4842954.288000001
Bananas,0.0,0.0,0.3,0.1,0.3,0.1,0.0,0.8,5.48,3.29,36.56,190.83,1272.22,114.5,1.43,9.56,3.22,1.93,21.44,661.9,7354.44,1103.17,652.0,Croatia,119642.24,95713.79200000002
Bananas,0.0,0.0,0.3,0.1,0.3,0.1,0.0,0.8,5.48,3.29,36.56,190.83,1272.22,114.5,1.43,9.56,3.22,1.93,21.44,661.9,7354.44,1103.17,653.0,Czechia,6230.87,4984.696
Bananas,0.0,0.0,0.3,0.1,0.3,0.1,0.0,0.8,5.48,3.29,36.56,190.83,1272.22,114.5,1.43,9.56,3.22,1.93,21.44,661.9,7354.44,1103.17,654.0,Denmark,321049.0,256839.2
Bananas,0.0,0.0,0.3,0.1,0.3,0.1,0.0,0.8,5.48,3.29,36.56,190.83,1272.22,114.5,1.43,9.56,3.22,1.93,21.44,661.9,7354.44,1103.17,655.0,Estonia,11500.0,9200.0
Bananas,0.0,0.0,0.3,0.1,0.3,0.1,0.0,0.8,5.48,3.29,36.56,190.83,1272.22,114.5,1.43,9.56,3.22,1.93,21.44,661.9,7354.44,1103.17,656.0,Finland,1565250.0,1252200.0
Bananas,0.0,0.0,0.3,0.1,0.3,0.1,0.0,0.8,5.48,3.29,36.56,190.83,1272.22,114.5,1.43,9.56,3.22,1.93,21.44,661.9,7354.44,1103.17,657.0,France,1346992.25,1077593.8
Bananas,0.0,0.0,0.3,0.1,0.3,0.1,0.0,0.8,5.48,3.29,36.56,190.83,1272.22,114.5,1.43,9.56,3.22,1.93,21.44,661.9,7354.44,1103.17,658.0,Germany,298.64,238.912
Bananas,0.0,0.0,0.3,0.1,0.3,0.1,0.0,0.8,5.48,3.29,36.56,190.83,1272.22,114.5,1.43,9.56,3.22,1.93,21.44,661.9,7354.44,1103.17,659.0,Greece,1414.77,1131.816
Bananas,0.0,0.0,0.3,0.1,0.3,0.1,0.0,0.8,5.48,3.29,36.56,190.83,1272.22,114.5,1.43,9.56,3.22,1.93,21.44,661.9,7354.44,1103.17,660.0,Hungary,105278.47,84222.77600000001
Bananas,0.0,0.0,0.3,0.1,0.3,0.1,0.0,0.8,5.48,3.29,36.56,190.83,1272.22,114.5,1.43,9.56,3.22,1.93,21.44,661.9,7354.44,1103.17,661.0,Ireland,392466.25,313973.0
Bananas,0.0,0.0,0.3,0.1,0.3,0.1,0.0,0.8,5.48,3.29,36.56,190.83,1272.22,114.5,1.43,9.56,3.22,1.93,21.44,661.9,7354.44,1103.17,662.0,Italy,373289.76,298631.808
Bananas,0.0,0.0,0.3,0.1,0.3,0.1,0.0,0.8,5.48,3.29,36.56,190.83,1272.22,114.5,1.43,9.56,3.22,1.93,21.44,661.9,7354.44,1103.17,663.0,Latvia,2056.32,1645.0560000000003
Bananas,0.0,0.0,0.3,0.1,0.3,0.1,0.0,0.8,5.48,3.29,36.56,190.83,1272.22,114.5,1.43,9.56,3.22,1.93,21.44,661.9,7354.44,1103.17,664.0,Lithuania,18475099.91,14780079.928000001
Bananas,0.0,0.0,0.3,0.1,0.3,0.1,0.0,0.8,5.48,3.29,36.56,190.83,1272.22,114.5,1.43,9.56,3.22,1.93,21.44,661.9,7354.44,1103.17,665.0,Luxembourg,5933067.27,4746453.816
Bananas,0.0,0.0,0.3,0.1,0.3,0.1,0.0,0.8,5.48,3.29,36.56,190.83,1272.22,114.5,1.43,9.56,3.22,1.93,21.44,661.9,7354.44,1103.17,666.0,Malta,23066.0,18452.8
Bananas,0.0,0.0,0.3,0.1,0.3,0.1,0.0,0.8,5.48,3.29,36.56,190.83,1272.22,114.5,1.43,9.56,3.22,1.93,21.44,661.9,7354.44,1103.17,667.0,Montenegro,1527622.0,1222097.6
Bananas,0.0,0.0,0.3,0.1,0.3,0.1,0.0,0.8,5.48,3.29,36.56,190.83,1272.22,114.5,1.43,9.56,3.22,1.93,21.44,661.9,7354.44,1103.17,668.0,Netherlands,17558.08,14046.464000000002
Bananas,0.0,0.0,0.3,0.1,0.3,0.1,0.0,0.8,5.48,3.29,36.56,190.83,1272.22,114.5,1.43,9.56,3.22,1.93,21.44,661.9,7354.44,1103.17,669.0,North Macedonia,33139.95,26511.96
Bananas,0.0,0.0,0.3,0.1,0.3,0.1,0.0,0.8,5.48,3.29,36.56,190.83,1272.22,114.5,1.43,9.56,3.22,1.93,21.44,661.9,7354.44,1103.17,670.0,Poland,196799.14,157439.31200000003
Bananas,0.0,0.0,0.3,0.1,0.3,0.1,0.0,0.8,5.48,3.29,36.56,190.83,1272.22,114.5,1.43,9.56,3.22,1.93,21.44,661.9,7354.44,1103.17,671.0,Portugal,229784.55,183827.64
Bananas,0.0,0.0,0.3,0.1,0.3,0.1,0.0,0.8,5.48,3.29,36.56,190.83,1272.22,114.5,1.43,9.56,3.22,1.93,21.44,661.9,7354.44,1103.17,672.0,Romania,15.68,12.544
Bananas,0.0,0.0,0.3,0.1,0.3,0.1,0.0,0.8,5.48,3.29,36.56,190.83,1272.22,114.5,1.43,9.56,3.22,1.93,21.44,661.9,7354.44,1103.17,673.0,Serbia,8731.31,6985.048
Bananas,0.0,0.0,0.3,0.1,0.3,0.1,0.0,0.8,5.48,3.29,36.56,190.83,1272.22,114.5,1.43,9.56,3.22,1.93,21.44,661.9,7354.44,1103.17,674.0,Slovakia,5892.73,4714.184
Bananas,0.0,0.0,0.3,0.1,0.3,0.1,0.0,0.8,5.48,3.29,36.56,190.83,1272.22,114.5,1.43,9.56,3.22,1.93,21.44,661.9,7354.44,1103.17,675.0,Slovenia,15182.59,12146.072
Bananas,0.0,0.0,0.3,0.1,0.3,0.1,0.0,0.8,5.48,3.29,36.56,190.83,1272.22,114.5,1.43,9.56,3.22,1.93,21.44,661.9,7354.44,1103.17,676.0,Spain,7039634.31,5631707.448
Bananas,0.0,0.0,0.3,0.1,0.3,0.1,0.0,0.8,5.48,3.29,36.56,190.83,1272.22,114.5,1.43,9.56,3.22,1.93,21.44,661.9,7354.44,1103.17,677.0,Sweden,96969.48,77575.584
Bananas,0.0,0.0,0.3,0.1,0.3,0.1,0.0,0.8,5.48,3.29,36.56,190.83,1272.22,114.5,1.43,9.56,3.22,1.93,21.44,661.9,7354.44,1103.17,678.0,Switzerland,1052536.09,842028.8720000001
Bananas,0.0,0.0,0.3,0.1,0.3,0.1,0.0,0.8,5.48,3.29,36.56,190.83,1272.22,114.5,1.43,9.56,3.22,1.93,21.44,661.9,7354.44,1103.17,679.0,Ukraine,7538.2,6030.56
Berries,0.0,0.0,0.7,0.0,0.2,0.2,0.0,1.1,10.74,6.12,61.2,736.14,4196.0,419.6,2.68,15.3,4.23,2.41,24.1,21162.1,211621.0,37126.49,510.0,Albania,160889.32,176978.252
Berries,0.0,0.0,0.7,0.0,0.2,0.2,0.0,1.1,10.74,6.12,61.2,736.14,4196.0,419.6,2.68,15.3,4.23,2.41,24.1,21162.1,211621.0,37126.49,511.0,Austria,8045.45,8849.995
Berries,0.0,0.0,0.7,0.0,0.2,0.2,0.0,1.1,10.74,6.12,61.2,736.14,4196.0,419.6,2.68,15.3,4.23,2.41,24.1,21162.1,211621.0,37126.49,512.0,Belarus,1017700.91,1119471.0010000002
Berries,0.0,0.0,0.7,0.0,0.2,0.2,0.0,1.1,10.74,6.12,61.2,736.14,4196.0,419.6,2.68,15.3,4.23,2.41,24.1,21162.1,211621.0,37126.49,513.0,Belgium,441226.18,485348.798
Berries,0.0,0.0,0.7,0.0,0.2,0.2,0.0,1.1,10.74,6.12,61.2,736.14,4196.0,419.6,2.68,15.3,4.23,2.41,24.1,21162.1,211621.0,37126.49,514.0,Bosnia and Herzegovina,7423006.95,8165307.6450000005
Berries,0.0,0.0,0.7,0.0,0.2,0.2,0.0,1.1,10.74,6.12,61.2,736.14,4196.0,419.6,2.68,15.3,4.23,2.41,24.1,21162.1,211621.0,37126.49,515.0,Bulgaria,51875.97,57063.567
Berries,0.0,0.0,0.7,0.0,0.2,0.2,0.0,1.1,10.74,6.12,61.2,736.14,4196.0,419.6,2.68,15.3,4.23,2.41,24.1,21162.1,211621.0,37126.49,516.0,Croatia,706891.36,777580.496
Berries,0.0,0.0,0.7,0.0,0.2,0.2,0.0,1.1,10.74,6.12,61.2,736.14,4196.0,419.6,2.68,15.3,4.23,2.41,24.1,21162.1,211621.0,37126.49,517.0,Czechia,1654092.73,1819502.003
Berries,0.0,0.0,0.7,0.0,0.2,0.2,0.0,1.1,10.74,6.12,61.2,736.14,4196.0,419.6,2.68,15.3,4.23,2.41,24.1,21162.1,211621.0,37126.49,518.0,Denmark,144862.23,159348.45300000004
Berries,0.0,0.0,0.7,0.0,0.2,0.2,0.0,1.1,10.74,6.12,61.2,736.14,4196.0,419.6,2.68,15.3,4.23,2.41,24.1,21162.1,211621.0,37126.49,519.0,Estonia,0.0,0.0
Berries,0.0,0.0,0.7,0.0,0.2,0.2,0.0,1.1,10.74,6.12,61.2,736.14,4196.0,419.6,2.68,15.3,4.23,2.41,24.1,21162.1,211621.0,37126.49,520.0,Finland,41312.0,45443.200000000004
Berries,0.0,0.0,0.7,0.0,0.2,0.2,0.0,1.1,10.74,6.12,61.2,736.14,4196.0,419.6,2.68,15.3,4.23,2.41,24.1,21162.1,211621.0,37126.49,521.0,France,273028.95,300331.84500000003
Berries,0.0,0.0,0.7,0.0,0.2,0.2,0.0,1.1,10.74,6.12,61.2,736.14,4196.0,419.6,2.68,15.3,4.23,2.41,24.1,21162.1,211621.0,37126.49,522.0,Germany,4118473.59,4530320.949
Berries,0.0,0.0,0.7,0.0,0.2,0.2,0.0,1.1,10.74,6.12,61.2,736.14,4196.0,419.6,2.68,15.3,4.23,2.41,24.1,21162.1,211621.0,37126.49,523.0,Greece,1945967.41,2140564.151
Berries,0.0,0.0,0.7,0.0,0.2,0.2,0.0,1.1,10.74,6.12,61.2,736.14,4196.0,419.6,2.68,15.3,4.23,2.41,24.1,21162.1,211621.0,37126.49,524.0,Hungary,83375.59,91713.149
Berries,0.0,0.0,0.7,0.0,0.2,0.2,0.0,1.1,10.74,6.12,61.2,736.14,4196.0,419.6,2.68,15.3,4.23,2.41,24.1,21162.1,211621.0,37126.49,525.0,Ireland,409407.0,450347.7
Berries,0.0,0.0,0.7,0.0,0.2,0.2,0.0,1.1,10.74,6.12,61.2,736.14,4196.0,419.6,2.68,15.3,4.23,2.41,24.1,21162.1,211621.0,37126.49,526.0,Italy,19809.59,21790.549000000003
Berries,0.0,0.0,0.7,0.0,0.2,0.2,0.0,1.1,10.74,6.12,61.2,736.14,4196.0,419.6,2.68,15.3,4.23,2.41,24.1,21162.1,211621.0,37126.49,527.0,Latvia,16328180.0,17960998.0
Berries,0.0,0.0,0.7,0.0,0.2,0.2,0.0,1.1,10.74,6.12,61.2,736.14,4196.0,419.6,2.68,15.3,4.23,2.41,24.1,21162.1,211621.0,37126.49,528.0,Lithuania,87217.91,95939.70100000002
Berries,0.0,0.0,0.7,0.0,0.2,0.2,0.0,1.1,10.74,6.12,61.2,736.14,4196.0,419.6,2.68,15.3,4.23,2.41,24.1,21162.1,211621.0,37126.49,529.0,Luxembourg,2339622.73,2573585.003
Berries,0.0,0.0,0.7,0.0,0.2,0.2,0.0,1.1,10.74,6.12,61.2,736.14,4196.0,419.6,2.68,15.3,4.23,2.41,24.1,21162.1,211621.0,37126.49,530.0,Malta,19827425.0,21810167.5
Berries,0.0,0.0,0.7,0.0,0.2,0.2,0.0,1.1,10.74,6.12,61.2,736.14,4196.0,419.6,2.68,15.3,4.23,2.41,24.1,21162.1,211621.0,37126.49,531.0,Montenegro,28962.5,31858.750000000004
Berries,0.0,0.0,0.7,0.0,0.2,0.2,0.0,1.1,10.74,6.12,61.2,736.14,4196.0,419.6,2.68,15.3,4.23,2.41,24.1,21162.1,211621.0,37126.49,532.0,Netherlands,2007045.29,2207749.819
Berries,0.0,0.0,0.7,0.0,0.2,0.2,0.0,1.1,10.74,6.12,61.2,736.14,4196.0,419.6,2.68,15.3,4.23,2.41,24.1,21162.1,211621.0,37126.49,533.0,North Macedonia,203252.32,223577.55200000003
Berries,0.0,0.0,0.7,0.0,0.2,0.2,0.0,1.1,10.74,6.12,61.2,736.14,4196.0,419.6,2.68,15.3,4.23,2.41,24.1,21162.1,211621.0,37126.49,534.0,Poland,9585667.93,10544234.723000001
Berries,0.0,0.0,0.7,0.0,0.2,0.2,0.0,1.1,10.74,6.12,61.2,736.14,4196.0,419.6,2.68,15.3,4.23,2.41,24.1,21162.1,211621.0,37126.49,535.0,Portugal,62881.84,69170.024
Berries,0.0,0.0,0.7,0.0,0.2,0.2,0.0,1.1,10.74,6.12,61.2,736.14,4196.0,419.6,2.68,15.3,4.23,2.41,24.1,21162.1,211621.0,37126.49,536.0,Romania,1422543.33,1564797.6630000002
Berries,0.0,0.0,0.7,0.0,0.2,0.2,0.0,1.1,10.74,6.12,61.2,736.14,4196.0,419.6,2.68,15.3,4.23,2.41,24.1,21162.1,211621.0,37126.49,537.0,Serbia,1422944.7,1565239.1700000002
Berries,0.0,0.0,0.7,0.0,0.2,0.2,0.0,1.1,10.74,6.12,61.2,736.14,4196.0,419.6,2.68,15.3,4.23,2.41,24.1,21162.1,211621.0,37126.49,538.0,Slovakia,708257.5,779083.2500000001
Berries,0.0,0.0,0.7,0.0,0.2,0.2,0.0,1.1,10.74,6.12,61.2,736.14,4196.0,419.6,2.68,15.3,4.23,2.41,24.1,21162.1,211621.0,37126.49,539.0,Slovenia,511589.59,562748.5490000001
Berries,0.0,0.0,0.7,0.0,0.2,0.2,0.0,1.1,10.74,6.12,61.2,736.14,4196.0,419.6,2.68,15.3,4.23,2.41,24.1,21162.1,211621.0,37126.49,540.0,Spain,1368251.66,1505076.8260000001
Berries,0.0,0.0,0.7,0.0,0.2,0.2,0.0,1.1,10.74,6.12,61.2,736.14,4196.0,419.6,2.68,15.3,4.23,2.41,24.1,21162.1,211621.0,37126.49,541.0,Sweden,1136886.0,1250574.6
Berries,0.0,0.0,0.7,0.0,0.2,0.2,0.0,1.1,10.74,6.12,61.2,736.14,4196.0,419.6,2.68,15.3,4.23,2.41,24.1,21162.1,211621.0,37126.49,542.0,Switzerland,1703823.74,1874206.114
Berries,0.0,0.0,0.7,0.0,0.2,0.2,0.0,1.1,10.74,6.12,61.2,736.14,4196.0,419.6,2.68,15.3,4.23,2.41,24.1,21162.1,211621.0,37126.49,543.0,Ukraine,41515.22,45666.742000000006
Cane,1.2,0.0,0.5,0.0,0.8,0.1,0.0,2.6,4.82,16.92,,176.67,,620.1,0.91,,0.58,2.04,,16438.6,,4683.36,272.0,Albania,867129471.36,2254536625.5360003
Cane,1.2,0.0,0.5,0.0,0.8,0.1,0.0,2.6,4.82,16.92,,176.67,,620.1,0.91,,0.58,2.04,,16438.6,,4683.36,273.0,Austria,1047138.55,2722560.23
Cane,1.2,0.0,0.5,0.0,0.8,0.1,0.0,2.6,4.82,16.92,,176.67,,620.1,0.91,,0.58,2.04,,16438.6,,4683.36,274.0,Belarus,367045.45,954318.17
Cane,1.2,0.0,0.5,0.0,0.8,0.1,0.0,2.6,4.82,16.92,,176.67,,620.1,0.91,,0.58,2.04,,16438.6,,4683.36,275.0,Belgium,471026.17,1224668.042
Cane,1.2,0.0,0.5,0.0,0.8,0.1,0.0,2.6,4.82,16.92,,176.67,,620.1,0.91,,0.58,2.04,,16438.6,,4683.36,276.0,Bosnia and Herzegovina,5197441.0,13513346.6
Cane,1.2,0.0,0.5,0.0,0.8,0.1,0.0,2.6,4.82,16.92,,176.67,,620.1,0.91,,0.58,2.04,,16438.6,,4683.36,277.0,Bulgaria,64821603.27,168536168.502
Cane,1.2,0.0,0.5,0.0,0.8,0.1,0.0,2.6,4.82,16.92,,176.67,,620.1,0.91,,0.58,2.04,,16438.6,,4683.36,278.0,Croatia,330192.06,858499.356
Cane,1.2,0.0,0.5,0.0,0.8,0.1,0.0,2.6,4.82,16.92,,176.67,,620.1,0.91,,0.58,2.04,,16438.6,,4683.36,279.0,Czechia,83182.51,216274.52599999998
Cane,1.2,0.0,0.5,0.0,0.8,0.1,0.0,2.6,4.82,16.92,,176.67,,620.1,0.91,,0.58,2.04,,16438.6,,4683.36,280.0,Denmark,3499.18,9097.868
Cane,1.2,0.0,0.5,0.0,0.8,0.1,0.0,2.6,4.82,16.92,,176.67,,620.1,0.91,,0.58,2.04,,16438.6,,4683.36,281.0,Estonia,57408433.5,149261927.1
Cane,1.2,0.0,0.5,0.0,0.8,0.1,0.0,2.6,4.82,16.92,,176.67,,620.1,0.91,,0.58,2.04,,16438.6,,4683.36,282.0,Finland,641700.0,1668420.0
Cane,1.2,0.0,0.5,0.0,0.8,0.1,0.0,2.6,4.82,16.92,,176.67,,620.1,0.91,,0.58,2.04,,16438.6,,4683.36,283.0,France,5550623.18,14431620.268
Cane,1.2,0.0,0.5,0.0,0.8,0.1,0.0,2.6,4.82,16.92,,176.67,,620.1,0.91,,0.58,2.04,,16438.6,,4683.36,284.0,Germany,31545.45,82018.17
Cane,1.2,0.0,0.5,0.0,0.8,0.1,0.0,2.6,4.82,16.92,,176.67,,620.1,0.91,,0.58,2.04,,16438.6,,4683.36,285.0,Greece,127021794.91,330256666.766
Cane,1.2,0.0,0.5,0.0,0.8,0.1,0.0,2.6,4.82,16.92,,176.67,,620.1,0.91,,0.58,2.04,,16438.6,,4683.36,286.0,Hungary,48006991.36,124818177.536
Cane,1.2,0.0,0.5,0.0,0.8,0.1,0.0,2.6,4.82,16.92,,176.67,,620.1,0.91,,0.58,2.04,,16438.6,,4683.36,287.0,Ireland,174450.0,453570.0
Cane,1.2,0.0,0.5,0.0,0.8,0.1,0.0,2.6,4.82,16.92,,176.67,,620.1,0.91,,0.58,2.04,,16438.6,,4683.36,288.0,Italy,123134864.55,320150647.83
Cane,1.2,0.0,0.5,0.0,0.8,0.1,0.0,2.6,4.82,16.92,,176.67,,620.1,0.91,,0.58,2.04,,16438.6,,4683.36,289.0,Latvia,24962066.0,64901371.6
Cane,1.2,0.0,0.5,0.0,0.8,0.1,0.0,2.6,4.82,16.92,,176.67,,620.1,0.91,,0.58,2.04,,16438.6,,4683.36,290.0,Lithuania,4906191.5,12756097.9
Cane,1.2,0.0,0.5,0.0,0.8,0.1,0.0,2.6,4.82,16.92,,176.67,,620.1,0.91,,0.58,2.04,,16438.6,,4683.36,291.0,Luxembourg,37840.36,98384.936
Cane,1.2,0.0,0.5,0.0,0.8,0.1,0.0,2.6,4.82,16.92,,176.67,,620.1,0.91,,0.58,2.04,,16438.6,,4683.36,292.0,Malta,0.0,0.0
Cane,1.2,0.0,0.5,0.0,0.8,0.1,0.0,2.6,4.82,16.92,,176.67,,620.1,0.91,,0.58,2.04,,16438.6,,4683.36,293.0,Montenegro,18311704.62,47610432.012
Cane,1.2,0.0,0.5,0.0,0.8,0.1,0.0,2.6,4.82,16.92,,176.67,,620.1,0.91,,0.58,2.04,,16438.6,,4683.36,294.0,Netherlands,71132.51,184944.52599999998
Cane,1.2,0.0,0.5,0.0,0.8,0.1,0.0,2.6,4.82,16.92,,176.67,,620.1,0.91,,0.58,2.04,,16438.6,,4683.36,295.0,North Macedonia,1312771.68,3413206.368
Cane,1.2,0.0,0.5,0.0,0.8,0.1,0.0,2.6,4.82,16.92,,176.67,,620.1,0.91,,0.58,2.04,,16438.6,,4683.36,296.0,Poland,3374986.11,8774963.886
Cane,1.2,0.0,0.5,0.0,0.8,0.1,0.0,2.6,4.82,16.92,,176.67,,620.1,0.91,,0.58,2.04,,16438.6,,4683.36,297.0,Portugal,37980756.85,98749967.81
Cane,1.2,0.0,0.5,0.0,0.8,0.1,0.0,2.6,4.82,16.92,,176.67,,620.1,0.91,,0.58,2.04,,16438.6,,4683.36,298.0,Romania,60571600.3,157486160.78
Cane,1.2,0.0,0.5,0.0,0.8,0.1,0.0,2.6,4.82,16.92,,176.67,,620.1,0.91,,0.58,2.04,,16438.6,,4683.36,299.0,Serbia,23973416.08,62330881.808
Cane,1.2,0.0,0.5,0.0,0.8,0.1,0.0,2.6,4.82,16.92,,176.67,,620.1,0.91,,0.58,2.04,,16438.6,,4683.36,300.0,Slovakia,4006862.03,10417841.277999999
Cane,1.2,0.0,0.5,0.0,0.8,0.1,0.0,2.6,4.82,16.92,,176.67,,620.1,0.91,,0.58,2.04,,16438.6,,4683.36,301.0,Slovenia,3839217.61,9981965.786
Cane,1.2,0.0,0.5,0.0,0.8,0.1,0.0,2.6,4.82,16.92,,176.67,,620.1,0.91,,0.58,2.04,,16438.6,,4683.36,302.0,Spain,15790326.56,41054849.056
Cane,1.2,0.0,0.5,0.0,0.8,0.1,0.0,2.6,4.82,16.92,,176.67,,620.1,0.91,,0.58,2.04,,16438.6,,4683.36,303.0,Sweden,962486.95,2502466.07
Cane,1.2,0.0,0.5,0.0,0.8,0.1,0.0,2.6,4.82,16.92,,176.67,,620.1,0.91,,0.58,2.04,,16438.6,,4683.36,304.0,Switzerland,92598134.63,240755150.038
Cane,1.2,0.0,0.5,0.0,0.8,0.1,0.0,2.6,4.82,16.92,,176.67,,620.1,0.91,,0.58,2.04,,16438.6,,4683.36,305.0,Ukraine,2116702.76,5503427.176
Cassava,0.6,0.0,0.2,0.0,0.1,0.0,0.0,0.9,0.71,0.69,7.67,,,0.0,1.36,14.67,1.86,1.81,20.11,0.0,,,204.0,Albania,1116214.55,1004593.0950000001
Cassava,0.6,0.0,0.2,0.0,0.1,0.0,0.0,0.9,0.71,0.69,7.67,,,0.0,1.36,14.67,1.86,1.81,20.11,0.0,,,205.0,Austria,198.91,179.019
Cassava,0.6,0.0,0.2,0.0,0.1,0.0,0.0,0.9,0.71,0.69,7.67,,,0.0,1.36,14.67,1.86,1.81,20.11,0.0,,,206.0,Belarus,426191.95,383572.755
Cassava,0.6,0.0,0.2,0.0,0.1,0.0,0.0,0.9,0.71,0.69,7.67,,,0.0,1.36,14.67,1.86,1.81,20.11,0.0,,,207.0,Belgium,316.95,285.255
Cassava,0.6,0.0,0.2,0.0,0.1,0.0,0.0,0.9,0.71,0.69,7.67,,,0.0,1.36,14.67,1.86,1.81,20.11,0.0,,,208.0,Bosnia and Herzegovina,4910.27,4419.243
Cassava,0.6,0.0,0.2,0.0,0.1,0.0,0.0,0.9,0.71,0.69,7.67,,,0.0,1.36,14.67,1.86,1.81,20.11,0.0,,,209.0,Bulgaria,42122.46,37910.214
Cassava,0.6,0.0,0.2,0.0,0.1,0.0,0.0,0.9,0.71,0.69,7.67,,,0.0,1.36,14.67,1.86,1.81,20.11,0.0,,,210.0,Croatia,70678.18,63610.361999999994
Cassava,0.6,0.0,0.2,0.0,0.1,0.0,0.0,0.9,0.71,0.69,7.67,,,0.0,1.36,14.67,1.86,1.81,20.11,0.0,,,211.0,Czechia,1005446.22,904901.598
Cassava,0.6,0.0,0.2,0.0,0.1,0.0,0.0,0.9,0.71,0.69,7.67,,,0.0,1.36,14.67,1.86,1.81,20.11,0.0,,,212.0,Denmark,86618.45,77956.605
Cassava,0.6,0.0,0.2,0.0,0.1,0.0,0.0,0.9,0.71,0.69,7.67,,,0.0,1.36,14.67,1.86,1.81,20.11,0.0,,,213.0,Estonia,236042.9,212438.61
Cassava,0.6,0.0,0.2,0.0,0.1,0.0,0.0,0.9,0.71,0.69,7.67,,,0.0,1.36,14.67,1.86,1.81,20.11,0.0,,,214.0,Finland,9435.5,8491.95
Cassava,0.6,0.0,0.2,0.0,0.1,0.0,0.0,0.9,0.71,0.69,7.67,,,0.0,1.36,14.67,1.86,1.81,20.11,0.0,,,215.0,France,29908.93,26918.037
Cassava,0.6,0.0,0.2,0.0,0.1,0.0,0.0,0.9,0.71,0.69,7.67,,,0.0,1.36,14.67,1.86,1.81,20.11,0.0,,,216.0,Germany,115293.5,103764.15000000001
Cassava,0.6,0.0,0.2,0.0,0.1,0.0,0.0,0.9,0.71,0.69,7.67,,,0.0,1.36,14.67,1.86,1.81,20.11,0.0,,,217.0,Greece,21282.03,19153.827
Cassava,0.6,0.0,0.2,0.0,0.1,0.0,0.0,0.9,0.71,0.69,7.67,,,0.0,1.36,14.67,1.86,1.81,20.11,0.0,,,218.0,Hungary,2362.67,2126.4030000000002
Cassava,0.6,0.0,0.2,0.0,0.1,0.0,0.0,0.9,0.71,0.69,7.67,,,0.0,1.36,14.67,1.86,1.81,20.11,0.0,,,219.0,Ireland,3116.06,2804.454
Cassava,0.6,0.0,0.2,0.0,0.1,0.0,0.0,0.9,0.71,0.69,7.67,,,0.0,1.36,14.67,1.86,1.81,20.11,0.0,,,220.0,Italy,13034.63,11731.167
Cassava,0.6,0.0,0.2,0.0,0.1,0.0,0.0,0.9,0.71,0.69,7.67,,,0.0,1.36,14.67,1.86,1.81,20.11,0.0,,,221.0,Latvia,250.23,225.207
Cassava,0.6,0.0,0.2,0.0,0.1,0.0,0.0,0.9,0.71,0.69,7.67,,,0.0,1.36,14.67,1.86,1.81,20.11,0.0,,,222.0,Lithuania,440315.18,396283.662
Cassava,0.6,0.0,0.2,0.0,0.1,0.0,0.0,0.9,0.71,0.69,7.67,,,0.0,1.36,14.67,1.86,1.81,20.11,0.0,,,223.0,Luxembourg,194240.79,174816.711
Cassava,0.6,0.0,0.2,0.0,0.1,0.0,0.0,0.9,0.71,0.69,7.67,,,0.0,1.36,14.67,1.86,1.81,20.11,0.0,,,224.0,Malta,66828.75,60145.875
Cassava,0.6,0.0,0.2,0.0,0.1,0.0,0.0,0.9,0.71,0.69,7.67,,,0.0,1.36,14.67,1.86,1.81,20.11,0.0,,,225.0,Montenegro,9130.38,8217.341999999999
Cassava,0.6,0.0,0.2,0.0,0.1,0.0,0.0,0.9,0.71,0.69,7.67,,,0.0,1.36,14.67,1.86,1.81,20.11,0.0,,,226.0,Netherlands,2269593.59,2042634.231
Cassava,0.6,0.0,0.2,0.0,0.1,0.0,0.0,0.9,0.71,0.69,7.67,,,0.0,1.36,14.67,1.86,1.81,20.11,0.0,,,227.0,North Macedonia,28069.91,25262.919
Cassava,0.6,0.0,0.2,0.0,0.1,0.0,0.0,0.9,0.71,0.69,7.67,,,0.0,1.36,14.67,1.86,1.81,20.11,0.0,,,228.0,Poland,65124049.91,58611644.919
Cassava,0.6,0.0,0.2,0.0,0.1,0.0,0.0,0.9,0.71,0.69,7.67,,,0.0,1.36,14.67,1.86,1.81,20.11,0.0,,,229.0,Portugal,66846.29,60161.66099999999
Cassava,0.6,0.0,0.2,0.0,0.1,0.0,0.0,0.9,0.71,0.69,7.67,,,0.0,1.36,14.67,1.86,1.81,20.11,0.0,,,230.0,Romania,530616.16,477554.54400000005
Cassava,0.6,0.0,0.2,0.0,0.1,0.0,0.0,0.9,0.71,0.69,7.67,,,0.0,1.36,14.67,1.86,1.81,20.11,0.0,,,231.0,Serbia,76900.61,69210.549
Cassava,0.6,0.0,0.2,0.0,0.1,0.0,0.0,0.9,0.71,0.69,7.67,,,0.0,1.36,14.67,1.86,1.81,20.11,0.0,,,232.0,Slovakia,870458.42,783412.5780000001
Cassava,0.6,0.0,0.2,0.0,0.1,0.0,0.0,0.9,0.71,0.69,7.67,,,0.0,1.36,14.67,1.86,1.81,20.11,0.0,,,233.0,Slovenia,867722.31,780950.079
Cassava,0.6,0.0,0.2,0.0,0.1,0.0,0.0,0.9,0.71,0.69,7.67,,,0.0,1.36,14.67,1.86,1.81,20.11,0.0,,,234.0,Spain,134444.19,120999.77100000001
Cassava,0.6,0.0,0.2,0.0,0.1,0.0,0.0,0.9,0.71,0.69,7.67,,,0.0,1.36,14.67,1.86,1.81,20.11,0.0,,,235.0,Sweden,87249.1,78524.19
Cassava,0.6,0.0,0.2,0.0,0.1,0.0,0.0,0.9,0.71,0.69,7.67,,,0.0,1.36,14.67,1.86,1.81,20.11,0.0,,,236.0,Switzerland,1206291.62,1085662.458
Cassava,0.6,0.0,0.2,0.0,0.1,0.0,0.0,0.9,0.71,0.69,7.67,,,0.0,1.36,14.67,1.86,1.81,20.11,0.0,,,237.0,Ukraine,139463.04,125516.736
Coffee,3.7,0.0,10.4,0.6,0.1,1.6,0.1,16.5,197.36,110.52,138.15,46.25,32.38,25.9,50.95,35.66,38.61,21.62,27.02,337.0,421.25,601.79,544.0,Albania,9115.47,150405.25499999998
Coffee,3.7,0.0,10.4,0.6,0.1,1.6,0.1,16.5,197.36,110.52,138.15,46.25,32.38,25.9,50.95,35.66,38.61,21.62,27.02,337.0,421.25,601.79,545.0,Austria,14.38,237.27
Coffee,3.7,0.0,10.4,0.6,0.1,1.6,0.1,16.5,197.36,110.52,138.15,46.25,32.38,25.9,50.95,35.66,38.61,21.62,27.02,337.0,421.25,601.79,546.0,Belarus,34262.0,565323.0
Coffee,3.7,0.0,10.4,0.6,0.1,1.6,0.1,16.5,197.36,110.52,138.15,46.25,32.38,25.9,50.95,35.66,38.61,21.62,27.02,337.0,421.25,601.79,547.0,Belgium,38796.42,640140.9299999999
Coffee,3.7,0.0,10.4,0.6,0.1,1.6,0.1,16.5,197.36,110.52,138.15,46.25,32.38,25.9,50.95,35.66,38.61,21.62,27.02,337.0,421.25,601.79,548.0,Bosnia and Herzegovina,83952.82,1385221.53
Coffee,3.7,0.0,10.4,0.6,0.1,1.6,0.1,16.5,197.36,110.52,138.15,46.25,32.38,25.9,50.95,35.66,38.61,21.62,27.02,337.0,421.25,601.79,549.0,Bulgaria,75700.0,1249050.0
Coffee,3.7,0.0,10.4,0.6,0.1,1.6,0.1,16.5,197.36,110.52,138.15,46.25,32.38,25.9,50.95,35.66,38.61,21.62,27.02,337.0,421.25,601.79,550.0,Croatia,4567.69,75366.885
Coffee,3.7,0.0,10.4,0.6,0.1,1.6,0.1,16.5,197.36,110.52,138.15,46.25,32.38,25.9,50.95,35.66,38.61,21.62,27.02,337.0,421.25,601.79,551.0,Czechia,32507.74,536377.7100000001
Coffee,3.7,0.0,10.4,0.6,0.1,1.6,0.1,16.5,197.36,110.52,138.15,46.25,32.38,25.9,50.95,35.66,38.61,21.62,27.02,337.0,421.25,601.79,552.0,Denmark,178068.95,2938137.6750000003
Coffee,3.7,0.0,10.4,0.6,0.1,1.6,0.1,16.5,197.36,110.52,138.15,46.25,32.38,25.9,50.95,35.66,38.61,21.62,27.02,337.0,421.25,601.79,553.0,Estonia,936096.78,15445596.870000001
Coffee,3.7,0.0,10.4,0.6,0.1,1.6,0.1,16.5,197.36,110.52,138.15,46.25,32.38,25.9,50.95,35.66,38.61,21.62,27.02,337.0,421.25,601.79,554.0,Finland,170633.44,2815451.7600000002
Coffee,3.7,0.0,10.4,0.6,0.1,1.6,0.1,16.5,197.36,110.52,138.15,46.25,32.38,25.9,50.95,35.66,38.61,21.62,27.02,337.0,421.25,601.79,555.0,France,109660.72,1809401.8800000001
Coffee,3.7,0.0,10.4,0.6,0.1,1.6,0.1,16.5,197.36,110.52,138.15,46.25,32.38,25.9,50.95,35.66,38.61,21.62,27.02,337.0,421.25,601.79,556.0,Germany,527.82,8709.03
Coffee,3.7,0.0,10.4,0.6,0.1,1.6,0.1,16.5,197.36,110.52,138.15,46.25,32.38,25.9,50.95,35.66,38.61,21.62,27.02,337.0,421.25,601.79,557.0,Greece,3015.91,49762.515
Coffee,3.7,0.0,10.4,0.6,0.1,1.6,0.1,16.5,197.36,110.52,138.15,46.25,32.38,25.9,50.95,35.66,38.61,21.62,27.02,337.0,421.25,601.79,558.0,Hungary,110133.95,1817210.175
Coffee,3.7,0.0,10.4,0.6,0.1,1.6,0.1,16.5,197.36,110.52,138.15,46.25,32.38,25.9,50.95,35.66,38.61,21.62,27.02,337.0,421.25,601.79,559.0,Ireland,0.0,0.0
Coffee,3.7,0.0,10.4,0.6,0.1,1.6,0.1,16.5,197.36,110.52,138.15,46.25,32.38,25.9,50.95,35.66,38.61,21.62,27.02,337.0,421.25,601.79,560.0,Italy,9.63,158.895
Coffee,3.7,0.0,10.4,0.6,0.1,1.6,0.1,16.5,197.36,110.52,138.15,46.25,32.38,25.9,50.95,35.66,38.61,21.62,27.02,337.0,421.25,601.79,561.0,Latvia,7.0,115.5
Coffee,3.7,0.0,10.4,0.6,0.1,1.6,0.1,16.5,197.36,110.52,138.15,46.25,32.38,25.9,50.95,35.66,38.61,21.62,27.02,337.0,421.25,601.79,562.0,Lithuania,52173.5,860862.75
Coffee,3.7,0.0,10.4,0.6,0.1,1.6,0.1,16.5,197.36,110.52,138.15,46.25,32.38,25.9,50.95,35.66,38.61,21.62,27.02,337.0,421.25,601.79,563.0,Luxembourg,2565.72,42334.38
Coffee,3.7,0.0,10.4,0.6,0.1,1.6,0.1,16.5,197.36,110.52,138.15,46.25,32.38,25.9,50.95,35.66,38.61,21.62,27.02,337.0,421.25,601.79,564.0,Malta,57662.75,951435.375
Coffee,3.7,0.0,10.4,0.6,0.1,1.6,0.1,16.5,197.36,110.52,138.15,46.25,32.38,25.9,50.95,35.66,38.61,21.62,27.02,337.0,421.25,601.79,565.0,Montenegro,2887.34,47641.11
Coffee,3.7,0.0,10.4,0.6,0.1,1.6,0.1,16.5,197.36,110.52,138.15,46.25,32.38,25.9,50.95,35.66,38.61,21.62,27.02,337.0,421.25,601.79,566.0,Netherlands,91951.19,1517194.635
Coffee,3.7,0.0,10.4,0.6,0.1,1.6,0.1,16.5,197.36,110.52,138.15,46.25,32.38,25.9,50.95,35.66,38.61,21.62,27.02,337.0,421.25,601.79,567.0,North Macedonia,225430.93,3719610.3449999997
Coffee,3.7,0.0,10.4,0.6,0.1,1.6,0.1,16.5,197.36,110.52,138.15,46.25,32.38,25.9,50.95,35.66,38.61,21.62,27.02,337.0,421.25,601.79,568.0,Poland,81376.05,1342704.825
Coffee,3.7,0.0,10.4,0.6,0.1,1.6,0.1,16.5,197.36,110.52,138.15,46.25,32.38,25.9,50.95,35.66,38.61,21.62,27.02,337.0,421.25,601.79,569.0,Portugal,29349.86,484272.69
Coffee,3.7,0.0,10.4,0.6,0.1,1.6,0.1,16.5,197.36,110.52,138.15,46.25,32.38,25.9,50.95,35.66,38.61,21.62,27.02,337.0,421.25,601.79,570.0,Romania,42804.56,706275.24
Coffee,3.7,0.0,10.4,0.6,0.1,1.6,0.1,16.5,197.36,110.52,138.15,46.25,32.38,25.9,50.95,35.66,38.61,21.62,27.02,337.0,421.25,601.79,571.0,Serbia,93085.47,1535910.2550000001
Coffee,3.7,0.0,10.4,0.6,0.1,1.6,0.1,16.5,197.36,110.52,138.15,46.25,32.38,25.9,50.95,35.66,38.61,21.62,27.02,337.0,421.25,601.79,572.0,Slovakia,40039.44,660650.76
Coffee,3.7,0.0,10.4,0.6,0.1,1.6,0.1,16.5,197.36,110.52,138.15,46.25,32.38,25.9,50.95,35.66,38.61,21.62,27.02,337.0,421.25,601.79,573.0,Slovenia,30882.93,509568.34500000003
Coffee,3.7,0.0,10.4,0.6,0.1,1.6,0.1,16.5,197.36,110.52,138.15,46.25,32.38,25.9,50.95,35.66,38.61,21.62,27.02,337.0,421.25,601.79,574.0,Spain,350632.19,5785431.135
Coffee,3.7,0.0,10.4,0.6,0.1,1.6,0.1,16.5,197.36,110.52,138.15,46.25,32.38,25.9,50.95,35.66,38.61,21.62,27.02,337.0,421.25,601.79,575.0,Sweden,205030.65,3383005.725
Coffee,3.7,0.0,10.4,0.6,0.1,1.6,0.1,16.5,197.36,110.52,138.15,46.25,32.38,25.9,50.95,35.66,38.61,21.62,27.02,337.0,421.25,601.79,576.0,Switzerland,492379.16,8124256.14
Coffee,3.7,0.0,10.4,0.6,0.1,1.6,0.1,16.5,197.36,110.52,138.15,46.25,32.38,25.9,50.95,35.66,38.61,21.62,27.02,337.0,421.25,601.79,577.0,Ukraine,1297982.59,21416712.735000003
Maize,0.3,0.0,0.5,0.1,0.1,0.1,0.0,1.1,,,,,,,,,,,,,,,0.0,Albania,308651.08,339516.188
Maize,0.3,0.0,0.5,0.1,0.1,0.1,0.0,1.1,,,,,,,,,,,,,,,1.0,Austria,2068804.1,2275684.5100000002
Maize,0.3,0.0,0.5,0.1,0.1,0.1,0.0,1.1,,,,,,,,,,,,,,,2.0,Belarus,568767.27,625643.9970000001
Maize,0.3,0.0,0.5,0.1,0.1,0.1,0.0,1.1,,,,,,,,,,,,,,,3.0,Belgium,605323.23,665855.5530000001
Maize,0.3,0.0,0.5,0.1,0.1,0.1,0.0,1.1,,,,,,,,,,,,,,,4.0,Bosnia and Herzegovina,888084.05,976892.4550000001
Maize,0.3,0.0,0.5,0.1,0.1,0.1,0.0,1.1,,,,,,,,,,,,,,,5.0,Bulgaria,2110071.9,2321079.0900000003
Maize,0.3,0.0,0.5,0.1,0.1,0.1,0.0,1.1,,,,,,,,,,,,,,,6.0,Croatia,1904827.09,2095309.7990000003
Maize,0.3,0.0,0.5,0.1,0.1,0.1,0.0,1.1,,,,,,,,,,,,,,,7.0,Czechia,689296.38,758226.018
Maize,0.3,0.0,0.5,0.1,0.1,0.1,0.0,1.1,,,,,,,,,,,,,,,8.0,Denmark,28200.45,31020.495000000003
Maize,0.3,0.0,0.5,0.1,0.1,0.1,0.0,1.1,,,,,,,,,,,,,,,9.0,Estonia,0.0,0.0
Maize,0.3,0.0,0.5,0.1,0.1,0.1,0.0,1.1,,,,,,,,,,,,,,,10.0,Finland,0.0,0.0
Maize,0.3,0.0,0.5,0.1,0.1,0.1,0.0,1.1,,,,,,,,,,,,,,,11.0,France,14676819.05,16144500.955000002
Maize,0.3,0.0,0.5,0.1,0.1,0.1,0.0,1.1,,,,,,,,,,,,,,,12.0,Germany,4154681.32,4570149.4520000005
Maize,0.3,0.0,0.5,0.1,0.1,0.1,0.0,1.1,,,,,,,,,,,,,,,13.0,Greece,2018665.88,2220532.468
Maize,0.3,0.0,0.5,0.1,0.1,0.1,0.0,1.1,,,,,,,,,,,,,,,14.0,Hungary,7203400.09,7923740.099
Maize,0.3,0.0,0.5,0.1,0.1,0.1,0.0,1.1,,,,,,,,,,,,,,,15.0,Ireland,0.0,0.0
Maize,0.3,0.0,0.5,0.1,0.1,0.1,0.0,1.1,,,,,,,,,,,,,,,16.0,Italy,8507013.59,9357714.949000001
Maize,0.3,0.0,0.5,0.1,0.1,0.1,0.0,1.1,,,,,,,,,,,,,,,17.0,Latvia,0.0,0.0
Maize,0.3,0.0,0.5,0.1,0.1,0.1,0.0,1.1,,,,,,,,,,,,,,,18.0,Lithuania,54459.02,59904.922
Maize,0.3,0.0,0.5,0.1,0.1,0.1,0.0,1.1,,,,,,,,,,,,,,,19.0,Luxembourg,1844.91,2029.4010000000003
Maize,0.3,0.0,0.5,0.1,0.1,0.1,0.0,1.1,,,,,,,,,,,,,,,20.0,Malta,0.0,0.0
Maize,0.3,0.0,0.5,0.1,0.1,0.1,0.0,1.1,,,,,,,,,,,,,,,21.0,Montenegro,2779.93,3057.9230000000002
Maize,0.3,0.0,0.5,0.1,0.1,0.1,0.0,1.1,,,,,,,,,,,,,,,22.0,Netherlands,183253.77,201579.147
Maize,0.3,0.0,0.5,0.1,0.1,0.1,0.0,1.1,,,,,,,,,,,,,,,23.0,North Macedonia,138833.05,152716.355
Maize,0.3,0.0,0.5,0.1,0.1,0.1,0.0,1.1,,,,,,,,,,,,,,,24.0,Poland,3038115.32,3341926.852
Maize,0.3,0.0,0.5,0.1,0.1,0.1,0.0,1.1,,,,,,,,,,,,,,,25.0,Portugal,750151.86,825167.0460000001
Maize,0.3,0.0,0.5,0.1,0.1,0.1,0.0,1.1,,,,,,,,,,,,,,,26.0,Romania,10486302.82,11534933.102000002
Maize,0.3,0.0,0.5,0.1,0.1,0.1,0.0,1.1,,,,,,,,,,,,,,,27.0,Serbia,6160645.59,6776710.149
Maize,0.3,0.0,0.5,0.1,0.1,0.1,0.0,1.1,,,,,,,,,,,,,,,28.0,Slovakia,1109350.41,1220285.4510000001
Maize,0.3,0.0,0.5,0.1,0.1,0.1,0.0,1.1,,,,,,,,,,,,,,,29.0,Slovenia,320569.77,352626.74700000003
Maize,0.3,0.0,0.5,0.1,0.1,0.1,0.0,1.1,,,,,,,,,,,,,,,30.0,Spain,4152612.82,4567874.102
Maize,0.3,0.0,0.5,0.1,0.1,0.1,0.0,1.1,,,,,,,,,,,,,,,31.0,Sweden,10825.0,11907.500000000002
Maize,0.3,0.0,0.5,0.1,0.1,0.1,0.0,1.1,,,,,,,,,,,,,,,32.0,Switzerland,164999.27,181499.19700000001
Maize,0.3,0.0,0.5,0.1,0.1,0.1,0.0,1.1,,,,,,,,,,,,,,,33.0,Ukraine,18441280.91,20285409.001000002
Palm,3.1,0.0,2.1,1.3,0.2,0.9,0.0,7.6,1.21,10.67,,0.72,,6.4,0.83,,0.27,2.42,,36.2,,4.1,476.0,Albania,48954.55,372054.58
Palm,3.1,0.0,2.1,1.3,0.2,0.9,0.0,7.6,1.21,10.67,,0.72,,6.4,0.83,,0.27,2.42,,36.2,,4.1,477.0,Austria,176164.91,1338853.3159999999
Palm,3.1,0.0,2.1,1.3,0.2,0.9,0.0,7.6,1.21,10.67,,0.72,,6.4,0.83,,0.27,2.42,,36.2,,4.1,478.0,Belarus,46613.73,354264.348
Palm,3.1,0.0,2.1,1.3,0.2,0.9,0.0,7.6,1.21,10.67,,0.72,,6.4,0.83,,0.27,2.42,,36.2,,4.1,479.0,Belgium,174995.91,1329968.916
Palm,3.1,0.0,2.1,1.3,0.2,0.9,0.0,7.6,1.21,10.67,,0.72,,6.4,0.83,,0.27,2.42,,36.2,,4.1,480.0,Bosnia and Herzegovina,59980.84,455854.38399999996
Palm,3.1,0.0,2.1,1.3,0.2,0.9,0.0,7.6,1.21,10.67,,0.72,,6.4,0.83,,0.27,2.42,,36.2,,4.1,481.0,Bulgaria,2657.95,20200.42
Palm,3.1,0.0,2.1,1.3,0.2,0.9,0.0,7.6,1.21,10.67,,0.72,,6.4,0.83,,0.27,2.42,,36.2,,4.1,482.0,Croatia,759395.73,5771407.5479999995
Palm,3.1,0.0,2.1,1.3,0.2,0.9,0.0,7.6,1.21,10.67,,0.72,,6.4,0.83,,0.27,2.42,,36.2,,4.1,483.0,Czechia,465714.0,3539426.4
Palm,3.1,0.0,2.1,1.3,0.2,0.9,0.0,7.6,1.21,10.67,,0.72,,6.4,0.83,,0.27,2.42,,36.2,,4.1,484.0,Denmark,117008.09,889261.4839999999
Palm,3.1,0.0,2.1,1.3,0.2,0.9,0.0,7.6,1.21,10.67,,0.72,,6.4,0.83,,0.27,2.42,,36.2,,4.1,485.0,Estonia,29210.5,221999.8
Palm,3.1,0.0,2.1,1.3,0.2,0.9,0.0,7.6,1.21,10.67,,0.72,,6.4,0.83,,0.27,2.42,,36.2,,4.1,486.0,Finland,40100.0,304760.0
Palm,3.1,0.0,2.1,1.3,0.2,0.9,0.0,7.6,1.21,10.67,,0.72,,6.4,0.83,,0.27,2.42,,36.2,,4.1,487.0,France,9730911.23,73954925.348
Palm,3.1,0.0,2.1,1.3,0.2,0.9,0.0,7.6,1.21,10.67,,0.72,,6.4,0.83,,0.27,2.42,,36.2,,4.1,488.0,Germany,30962.38,235314.088
Palm,3.1,0.0,2.1,1.3,0.2,0.9,0.0,7.6,1.21,10.67,,0.72,,6.4,0.83,,0.27,2.42,,36.2,,4.1,489.0,Greece,479584.35,3644841.0599999996
Palm,3.1,0.0,2.1,1.3,0.2,0.9,0.0,7.6,1.21,10.67,,0.72,,6.4,0.83,,0.27,2.42,,36.2,,4.1,490.0,Hungary,6680198.4,50769507.84
Palm,3.1,0.0,2.1,1.3,0.2,0.9,0.0,7.6,1.21,10.67,,0.72,,6.4,0.83,,0.27,2.42,,36.2,,4.1,491.0,Ireland,122000.0,927200.0
Palm,3.1,0.0,2.1,1.3,0.2,0.9,0.0,7.6,1.21,10.67,,0.72,,6.4,0.83,,0.27,2.42,,36.2,,4.1,492.0,Italy,110649.2,840933.9199999999
Palm,3.1,0.0,2.1,1.3,0.2,0.9,0.0,7.6,1.21,10.67,,0.72,,6.4,0.83,,0.27,2.42,,36.2,,4.1,493.0,Latvia,487167.25,3702471.0999999996
Palm,3.1,0.0,2.1,1.3,0.2,0.9,0.0,7.6,1.21,10.67,,0.72,,6.4,0.83,,0.27,2.42,,36.2,,4.1,494.0,Lithuania,1807363.9,13735965.639999999
Palm,3.1,0.0,2.1,1.3,0.2,0.9,0.0,7.6,1.21,10.67,,0.72,,6.4,0.83,,0.27,2.42,,36.2,,4.1,495.0,Luxembourg,325920.72,2476997.4719999996
Palm,3.1,0.0,2.1,1.3,0.2,0.9,0.0,7.6,1.21,10.67,,0.72,,6.4,0.83,,0.27,2.42,,36.2,,4.1,496.0,Malta,43040.03,327104.228
Palm,3.1,0.0,2.1,1.3,0.2,0.9,0.0,7.6,1.21,10.67,,0.72,,6.4,0.83,,0.27,2.42,,36.2,,4.1,497.0,Montenegro,45678.0,347152.8
Palm,3.1,0.0,2.1,1.3,0.2,0.9,0.0,7.6,1.21,10.67,,0.72,,6.4,0.83,,0.27,2.42,,36.2,,4.1,498.0,Netherlands,112459.74,854694.024
Palm,3.1,0.0,2.1,1.3,0.2,0.9,0.0,7.6,1.21,10.67,,0.72,,6.4,0.83,,0.27,2.42,,36.2,,4.1,499.0,North Macedonia,111508.74,847466.424
Palm,3.1,0.0,2.1,1.3,0.2,0.9,0.0,7.6,1.21,10.67,,0.72,,6.4,0.83,,0.27,2.42,,36.2,,4.1,500.0,Poland,371619.57,2824308.732
Palm,3.1,0.0,2.1,1.3,0.2,0.9,0.0,7.6,1.21,10.67,,0.72,,6.4,0.83,,0.27,2.42,,36.2,,4.1,501.0,Portugal,38516.78,292727.528
Palm,3.1,0.0,2.1,1.3,0.2,0.9,0.0,7.6,1.21,10.67,,0.72,,6.4,0.83,,0.27,2.42,,36.2,,4.1,502.0,Romania,2141661.25,16276625.5
Palm,3.1,0.0,2.1,1.3,0.2,0.9,0.0,7.6,1.21,10.67,,0.72,,6.4,0.83,,0.27,2.42,,36.2,,4.1,503.0,Serbia,66218.82,503263.032
Palm,3.1,0.0,2.1,1.3,0.2,0.9,0.0,7.6,1.21,10.67,,0.72,,6.4,0.83,,0.27,2.42,,36.2,,4.1,504.0,Slovakia,371021.2,2819761.12
Palm,3.1,0.0,2.1,1.3,0.2,0.9,0.0,7.6,1.21,10.67,,0.72,,6.4,0.83,,0.27,2.42,,36.2,,4.1,505.0,Slovenia,165306.11,1256326.4359999998
Palm,3.1,0.0,2.1,1.3,0.2,0.9,0.0,7.6,1.21,10.67,,0.72,,6.4,0.83,,0.27,2.42,,36.2,,4.1,506.0,Spain,196704.06,1494950.856
Palm,3.1,0.0,2.1,1.3,0.2,0.9,0.0,7.6,1.21,10.67,,0.72,,6.4,0.83,,0.27,2.42,,36.2,,4.1,507.0,Sweden,18006.95,136852.82
Palm,3.1,0.0,2.1,1.3,0.2,0.9,0.0,7.6,1.21,10.67,,0.72,,6.4,0.83,,0.27,2.42,,36.2,,4.1,508.0,Switzerland,677499.81,5148998.556
Palm,3.1,0.0,2.1,1.3,0.2,0.9,0.0,7.6,1.21,10.67,,0.72,,6.4,0.83,,0.27,2.42,,36.2,,4.1,509.0,Ukraine,33421.53,254003.62799999997
Peas,0.0,0.0,0.7,0.0,0.1,0.0,0.0,0.8,2.17,7.52,3.38,,178.49,396.6,0.28,0.44,2.16,7.46,3.36,27948.2,12577.95,,442.0,Albania,4009518.28,3207614.624
Peas,0.0,0.0,0.7,0.0,0.1,0.0,0.0,0.8,2.17,7.52,3.38,,178.49,396.6,0.28,0.44,2.16,7.46,3.36,27948.2,12577.95,,443.0,Austria,797.61,638.0880000000001
Peas,0.0,0.0,0.7,0.0,0.1,0.0,0.0,0.8,2.17,7.52,3.38,,178.49,396.6,0.28,0.44,2.16,7.46,3.36,27948.2,12577.95,,444.0,Belarus,32630.77,26104.616
Peas,0.0,0.0,0.7,0.0,0.1,0.0,0.0,0.8,2.17,7.52,3.38,,178.49,396.6,0.28,0.44,2.16,7.46,3.36,27948.2,12577.95,,445.0,Belgium,27315.06,21852.048000000003
Peas,0.0,0.0,0.7,0.0,0.1,0.0,0.0,0.8,2.17,7.52,3.38,,178.49,396.6,0.28,0.44,2.16,7.46,3.36,27948.2,12577.95,,446.0,Bosnia and Herzegovina,1090977.27,872781.8160000001
Peas,0.0,0.0,0.7,0.0,0.1,0.0,0.0,0.8,2.17,7.52,3.38,,178.49,396.6,0.28,0.44,2.16,7.46,3.36,27948.2,12577.95,,447.0,Bulgaria,5134.46,4107.568
Peas,0.0,0.0,0.7,0.0,0.1,0.0,0.0,0.8,2.17,7.52,3.38,,178.49,396.6,0.28,0.44,2.16,7.46,3.36,27948.2,12577.95,,448.0,Croatia,285030.77,228024.61600000004
Peas,0.0,0.0,0.7,0.0,0.1,0.0,0.0,0.8,2.17,7.52,3.38,,178.49,396.6,0.28,0.44,2.16,7.46,3.36,27948.2,12577.95,,449.0,Czechia,4283.0,3426.4
Peas,0.0,0.0,0.7,0.0,0.1,0.0,0.0,0.8,2.17,7.52,3.38,,178.49,396.6,0.28,0.44,2.16,7.46,3.36,27948.2,12577.95,,450.0,Denmark,674017.5,539214.0
Peas,0.0,0.0,0.7,0.0,0.1,0.0,0.0,0.8,2.17,7.52,3.38,,178.49,396.6,0.28,0.44,2.16,7.46,3.36,27948.2,12577.95,,451.0,Estonia,249558.49,199646.79200000002
Peas,0.0,0.0,0.7,0.0,0.1,0.0,0.0,0.8,2.17,7.52,3.38,,178.49,396.6,0.28,0.44,2.16,7.46,3.36,27948.2,12577.95,,452.0,Finland,1253.0,1002.4000000000001
Peas,0.0,0.0,0.7,0.0,0.1,0.0,0.0,0.8,2.17,7.52,3.38,,178.49,396.6,0.28,0.44,2.16,7.46,3.36,27948.2,12577.95,,453.0,France,10582.28,8465.824
Peas,0.0,0.0,0.7,0.0,0.1,0.0,0.0,0.8,2.17,7.52,3.38,,178.49,396.6,0.28,0.44,2.16,7.46,3.36,27948.2,12577.95,,454.0,Germany,45573.82,36459.056000000004
Peas,0.0,0.0,0.7,0.0,0.1,0.0,0.0,0.8,2.17,7.52,3.38,,178.49,396.6,0.28,0.44,2.16,7.46,3.36,27948.2,12577.95,,455.0,Greece,435429.55,348343.64
Peas,0.0,0.0,0.7,0.0,0.1,0.0,0.0,0.8,2.17,7.52,3.38,,178.49,396.6,0.28,0.44,2.16,7.46,3.36,27948.2,12577.95,,456.0,Hungary,154151.79,123321.43200000002
Peas,0.0,0.0,0.7,0.0,0.1,0.0,0.0,0.8,2.17,7.52,3.38,,178.49,396.6,0.28,0.44,2.16,7.46,3.36,27948.2,12577.95,,457.0,Ireland,43474.5,34779.6
Peas,0.0,0.0,0.7,0.0,0.1,0.0,0.0,0.8,2.17,7.52,3.38,,178.49,396.6,0.28,0.44,2.16,7.46,3.36,27948.2,12577.95,,458.0,Italy,84665.23,67732.184
Peas,0.0,0.0,0.7,0.0,0.1,0.0,0.0,0.8,2.17,7.52,3.38,,178.49,396.6,0.28,0.44,2.16,7.46,3.36,27948.2,12577.95,,459.0,Latvia,93089.0,74471.2
Peas,0.0,0.0,0.7,0.0,0.1,0.0,0.0,0.8,2.17,7.52,3.38,,178.49,396.6,0.28,0.44,2.16,7.46,3.36,27948.2,12577.95,,460.0,Lithuania,629861.27,503889.01600000006
Peas,0.0,0.0,0.7,0.0,0.1,0.0,0.0,0.8,2.17,7.52,3.38,,178.49,396.6,0.28,0.44,2.16,7.46,3.36,27948.2,12577.95,,461.0,Luxembourg,47121.37,37697.096000000005
Peas,0.0,0.0,0.7,0.0,0.1,0.0,0.0,0.8,2.17,7.52,3.38,,178.49,396.6,0.28,0.44,2.16,7.46,3.36,27948.2,12577.95,,462.0,Malta,11057.2,8845.76
Peas,0.0,0.0,0.7,0.0,0.1,0.0,0.0,0.8,2.17,7.52,3.38,,178.49,396.6,0.28,0.44,2.16,7.46,3.36,27948.2,12577.95,,463.0,Montenegro,2729.62,2183.696
Peas,0.0,0.0,0.7,0.0,0.1,0.0,0.0,0.8,2.17,7.52,3.38,,178.49,396.6,0.28,0.44,2.16,7.46,3.36,27948.2,12577.95,,464.0,Netherlands,726547.63,581238.104
Peas,0.0,0.0,0.7,0.0,0.1,0.0,0.0,0.8,2.17,7.52,3.38,,178.49,396.6,0.28,0.44,2.16,7.46,3.36,27948.2,12577.95,,465.0,North Macedonia,9499.17,7599.336
Peas,0.0,0.0,0.7,0.0,0.1,0.0,0.0,0.8,2.17,7.52,3.38,,178.49,396.6,0.28,0.44,2.16,7.46,3.36,27948.2,12577.95,,466.0,Poland,401067.95,320854.36000000004
Peas,0.0,0.0,0.7,0.0,0.1,0.0,0.0,0.8,2.17,7.52,3.38,,178.49,396.6,0.28,0.44,2.16,7.46,3.36,27948.2,12577.95,,467.0,Portugal,105727.25,84581.8
Peas,0.0,0.0,0.7,0.0,0.1,0.0,0.0,0.8,2.17,7.52,3.38,,178.49,396.6,0.28,0.44,2.16,7.46,3.36,27948.2,12577.95,,468.0,Romania,139578.76,111663.00800000002
Peas,0.0,0.0,0.7,0.0,0.1,0.0,0.0,0.8,2.17,7.52,3.38,,178.49,396.6,0.28,0.44,2.16,7.46,3.36,27948.2,12577.95,,469.0,Serbia,414895.39,331916.31200000003
Peas,0.0,0.0,0.7,0.0,0.1,0.0,0.0,0.8,2.17,7.52,3.38,,178.49,396.6,0.28,0.44,2.16,7.46,3.36,27948.2,12577.95,,470.0,Slovakia,1142284.21,913827.368
Peas,0.0,0.0,0.7,0.0,0.1,0.0,0.0,0.8,2.17,7.52,3.38,,178.49,396.6,0.28,0.44,2.16,7.46,3.36,27948.2,12577.95,,471.0,Slovenia,993587.57,794870.056
Peas,0.0,0.0,0.7,0.0,0.1,0.0,0.0,0.8,2.17,7.52,3.38,,178.49,396.6,0.28,0.44,2.16,7.46,3.36,27948.2,12577.95,,472.0,Spain,71420.89,57136.712
Peas,0.0,0.0,0.7,0.0,0.1,0.0,0.0,0.8,2.17,7.52,3.38,,178.49,396.6,0.28,0.44,2.16,7.46,3.36,27948.2,12577.95,,473.0,Sweden,271429.75,217143.80000000002
Peas,0.0,0.0,0.7,0.0,0.1,0.0,0.0,0.8,2.17,7.52,3.38,,178.49,396.6,0.28,0.44,2.16,7.46,3.36,27948.2,12577.95,,474.0,Switzerland,1334467.78,1067574.2240000002
Peas,0.0,0.0,0.7,0.0,0.1,0.0,0.0,0.8,2.17,7.52,3.38,,178.49,396.6,0.28,0.44,2.16,7.46,3.36,27948.2,12577.95,,475.0,Ukraine,195646.45,156517.16
Potatoes,0.0,0.0,0.2,0.0,0.1,0.0,0.0,0.3,4.75,3.48,20.47,80.74,347.65,59.1,0.63,2.71,1.2,0.88,5.18,2754.2,16201.18,3762.57,374.0,Albania,208750.05,62625.01499999999
Potatoes,0.0,0.0,0.2,0.0,0.1,0.0,0.0,0.3,4.75,3.48,20.47,80.74,347.65,59.1,0.63,2.71,1.2,0.88,5.18,2754.2,16201.18,3762.57,375.0,Austria,0.0,0.0
Potatoes,0.0,0.0,0.2,0.0,0.1,0.0,0.0,0.3,4.75,3.48,20.47,80.74,347.65,59.1,0.63,2.71,1.2,0.88,5.18,2754.2,16201.18,3762.57,376.0,Belarus,819.5,245.85
Potatoes,0.0,0.0,0.2,0.0,0.1,0.0,0.0,0.3,4.75,3.48,20.47,80.74,347.65,59.1,0.63,2.71,1.2,0.88,5.18,2754.2,16201.18,3762.57,377.0,Belgium,130.46,39.138
Potatoes,0.0,0.0,0.2,0.0,0.1,0.0,0.0,0.3,4.75,3.48,20.47,80.74,347.65,59.1,0.63,2.71,1.2,0.88,5.18,2754.2,16201.18,3762.57,378.0,Bosnia and Herzegovina,14727.24,4418.172
Potatoes,0.0,0.0,0.2,0.0,0.1,0.0,0.0,0.3,4.75,3.48,20.47,80.74,347.65,59.1,0.63,2.71,1.2,0.88,5.18,2754.2,16201.18,3762.57,379.0,Bulgaria,4122193.53,1236658.059
Potatoes,0.0,0.0,0.2,0.0,0.1,0.0,0.0,0.3,4.75,3.48,20.47,80.74,347.65,59.1,0.63,2.71,1.2,0.88,5.18,2754.2,16201.18,3762.57,380.0,Croatia,104.24,31.272
Potatoes,0.0,0.0,0.2,0.0,0.1,0.0,0.0,0.3,4.75,3.48,20.47,80.74,347.65,59.1,0.63,2.71,1.2,0.88,5.18,2754.2,16201.18,3762.57,381.0,Czechia,34039.49,10211.847
Potatoes,0.0,0.0,0.2,0.0,0.1,0.0,0.0,0.3,4.75,3.48,20.47,80.74,347.65,59.1,0.63,2.71,1.2,0.88,5.18,2754.2,16201.18,3762.57,382.0,Denmark,18356209.11,5506862.733
Potatoes,0.0,0.0,0.2,0.0,0.1,0.0,0.0,0.3,4.75,3.48,20.47,80.74,347.65,59.1,0.63,2.71,1.2,0.88,5.18,2754.2,16201.18,3762.57,383.0,Estonia,86647925.5,25994377.65
Potatoes,0.0,0.0,0.2,0.0,0.1,0.0,0.0,0.3,4.75,3.48,20.47,80.74,347.65,59.1,0.63,2.71,1.2,0.88,5.18,2754.2,16201.18,3762.57,384.0,Finland,34166768.0,10250030.4
Potatoes,0.0,0.0,0.2,0.0,0.1,0.0,0.0,0.3,4.75,3.48,20.47,80.74,347.65,59.1,0.63,2.71,1.2,0.88,5.18,2754.2,16201.18,3762.57,385.0,France,10025559.23,3007667.769
Potatoes,0.0,0.0,0.2,0.0,0.1,0.0,0.0,0.3,4.75,3.48,20.47,80.74,347.65,59.1,0.63,2.71,1.2,0.88,5.18,2754.2,16201.18,3762.57,386.0,Germany,124594020.69,37378206.206999995
Potatoes,0.0,0.0,0.2,0.0,0.1,0.0,0.0,0.3,4.75,3.48,20.47,80.74,347.65,59.1,0.63,2.71,1.2,0.88,5.18,2754.2,16201.18,3762.57,387.0,Greece,1578865.71,473659.713
Potatoes,0.0,0.0,0.2,0.0,0.1,0.0,0.0,0.3,4.75,3.48,20.47,80.74,347.65,59.1,0.63,2.71,1.2,0.88,5.18,2754.2,16201.18,3762.57,388.0,Hungary,10063.64,3019.0919999999996
Potatoes,0.0,0.0,0.2,0.0,0.1,0.0,0.0,0.3,4.75,3.48,20.47,80.74,347.65,59.1,0.63,2.71,1.2,0.88,5.18,2754.2,16201.18,3762.57,389.0,Ireland,187.75,56.324999999999996
Potatoes,0.0,0.0,0.2,0.0,0.1,0.0,0.0,0.3,4.75,3.48,20.47,80.74,347.65,59.1,0.63,2.71,1.2,0.88,5.18,2754.2,16201.18,3762.57,390.0,Italy,11756323.17,3526896.951
Potatoes,0.0,0.0,0.2,0.0,0.1,0.0,0.0,0.3,4.75,3.48,20.47,80.74,347.65,59.1,0.63,2.71,1.2,0.88,5.18,2754.2,16201.18,3762.57,391.0,Latvia,8076176.75,2422853.025
Potatoes,0.0,0.0,0.2,0.0,0.1,0.0,0.0,0.3,4.75,3.48,20.47,80.74,347.65,59.1,0.63,2.71,1.2,0.88,5.18,2754.2,16201.18,3762.57,392.0,Lithuania,39164.76,11749.428
Potatoes,0.0,0.0,0.2,0.0,0.1,0.0,0.0,0.3,4.75,3.48,20.47,80.74,347.65,59.1,0.63,2.71,1.2,0.88,5.18,2754.2,16201.18,3762.57,393.0,Luxembourg,2638.68,791.6039999999999
Potatoes,0.0,0.0,0.2,0.0,0.1,0.0,0.0,0.3,4.75,3.48,20.47,80.74,347.65,59.1,0.63,2.71,1.2,0.88,5.18,2754.2,16201.18,3762.57,394.0,Malta,1793695.3,538108.59
Potatoes,0.0,0.0,0.2,0.0,0.1,0.0,0.0,0.3,4.75,3.48,20.47,80.74,347.65,59.1,0.63,2.71,1.2,0.88,5.18,2754.2,16201.18,3762.57,395.0,Montenegro,253193.12,75957.936
Potatoes,0.0,0.0,0.2,0.0,0.1,0.0,0.0,0.3,4.75,3.48,20.47,80.74,347.65,59.1,0.63,2.71,1.2,0.88,5.18,2754.2,16201.18,3762.57,396.0,Netherlands,10642461.45,3192738.4349999996
Potatoes,0.0,0.0,0.2,0.0,0.1,0.0,0.0,0.3,4.75,3.48,20.47,80.74,347.65,59.1,0.63,2.71,1.2,0.88,5.18,2754.2,16201.18,3762.57,397.0,North Macedonia,20670.59,6201.177
Potatoes,0.0,0.0,0.2,0.0,0.1,0.0,0.0,0.3,4.75,3.48,20.47,80.74,347.65,59.1,0.63,2.71,1.2,0.88,5.18,2754.2,16201.18,3762.57,398.0,Poland,152.5,45.75
Potatoes,0.0,0.0,0.2,0.0,0.1,0.0,0.0,0.3,4.75,3.48,20.47,80.74,347.65,59.1,0.63,2.71,1.2,0.88,5.18,2754.2,16201.18,3762.57,399.0,Portugal,2221.09,666.327
Potatoes,0.0,0.0,0.2,0.0,0.1,0.0,0.0,0.3,4.75,3.48,20.47,80.74,347.65,59.1,0.63,2.71,1.2,0.88,5.18,2754.2,16201.18,3762.57,400.0,Romania,113273.82,33982.146
Potatoes,0.0,0.0,0.2,0.0,0.1,0.0,0.0,0.3,4.75,3.48,20.47,80.74,347.65,59.1,0.63,2.71,1.2,0.88,5.18,2754.2,16201.18,3762.57,401.0,Serbia,1351018.58,405305.574
Potatoes,0.0,0.0,0.2,0.0,0.1,0.0,0.0,0.3,4.75,3.48,20.47,80.74,347.65,59.1,0.63,2.71,1.2,0.88,5.18,2754.2,16201.18,3762.57,402.0,Slovakia,16124703.18,4837410.954
Potatoes,0.0,0.0,0.2,0.0,0.1,0.0,0.0,0.3,4.75,3.48,20.47,80.74,347.65,59.1,0.63,2.71,1.2,0.88,5.18,2754.2,16201.18,3762.57,403.0,Slovenia,9373451.91,2812035.573
Potatoes,0.0,0.0,0.2,0.0,0.1,0.0,0.0,0.3,4.75,3.48,20.47,80.74,347.65,59.1,0.63,2.71,1.2,0.88,5.18,2754.2,16201.18,3762.57,404.0,Spain,3155000.0,946500.0
Potatoes,0.0,0.0,0.2,0.0,0.1,0.0,0.0,0.3,4.75,3.48,20.47,80.74,347.65,59.1,0.63,2.71,1.2,0.88,5.18,2754.2,16201.18,3762.57,405.0,Sweden,1637.75,491.325
Potatoes,0.0,0.0,0.2,0.0,0.1,0.0,0.0,0.3,4.75,3.48,20.47,80.74,347.65,59.1,0.63,2.71,1.2,0.88,5.18,2754.2,16201.18,3762.57,406.0,Switzerland,5985663.0,1795698.9
Potatoes,0.0,0.0,0.2,0.0,0.1,0.0,0.0,0.3,4.75,3.48,20.47,80.74,347.65,59.1,0.63,2.71,1.2,0.88,5.18,2754.2,16201.18,3762.57,407.0,Ukraine,299264079.09,89779223.72699998
Poultry,2.5,1.8,0.7,0.4,0.3,0.2,0.2,6.1,26.32,48.7,28.12,356.76,381.06,660.0,5.34,5.7,6.61,12.22,7.06,14177.9,8185.85,7663.73,612.0,Albania,12140.84,74059.124
Poultry,2.5,1.8,0.7,0.4,0.3,0.2,0.2,6.1,26.32,48.7,28.12,356.76,381.06,660.0,5.34,5.7,6.61,12.22,7.06,14177.9,8185.85,7663.73,613.0,Austria,96785.59,590392.0989999999
Poultry,2.5,1.8,0.7,0.4,0.3,0.2,0.2,6.1,26.32,48.7,28.12,356.76,381.06,660.0,5.34,5.7,6.61,12.22,7.06,14177.9,8185.85,7663.73,614.0,Belarus,3005.18,18331.597999999998
Poultry,2.5,1.8,0.7,0.4,0.3,0.2,0.2,6.1,26.32,48.7,28.12,356.76,381.06,660.0,5.34,5.7,6.61,12.22,7.06,14177.9,8185.85,7663.73,615.0,Belgium,11102.41,67724.701
Poultry,2.5,1.8,0.7,0.4,0.3,0.2,0.2,6.1,26.32,48.7,28.12,356.76,381.06,660.0,5.34,5.7,6.61,12.22,7.06,14177.9,8185.85,7663.73,616.0,Bosnia and Herzegovina,20298.91,123823.351
Poultry,2.5,1.8,0.7,0.4,0.3,0.2,0.2,6.1,26.32,48.7,28.12,356.76,381.06,660.0,5.34,5.7,6.61,12.22,7.06,14177.9,8185.85,7663.73,617.0,Bulgaria,8558403.05,52206258.605000004
Poultry,2.5,1.8,0.7,0.4,0.3,0.2,0.2,6.1,26.32,48.7,28.12,356.76,381.06,660.0,5.34,5.7,6.61,12.22,7.06,14177.9,8185.85,7663.73,618.0,Croatia,51.2,312.32
Poultry,2.5,1.8,0.7,0.4,0.3,0.2,0.2,6.1,26.32,48.7,28.12,356.76,381.06,660.0,5.34,5.7,6.61,12.22,7.06,14177.9,8185.85,7663.73,619.0,Czechia,87193.86,531882.546
Poultry,2.5,1.8,0.7,0.4,0.3,0.2,0.2,6.1,26.32,48.7,28.12,356.76,381.06,660.0,5.34,5.7,6.61,12.22,7.06,14177.9,8185.85,7663.73,620.0,Denmark,57078.41,348178.301
Poultry,2.5,1.8,0.7,0.4,0.3,0.2,0.2,6.1,26.32,48.7,28.12,356.76,381.06,660.0,5.34,5.7,6.61,12.22,7.06,14177.9,8185.85,7663.73,621.0,Estonia,2282322.25,13922165.725
Poultry,2.5,1.8,0.7,0.4,0.3,0.2,0.2,6.1,26.32,48.7,28.12,356.76,381.06,660.0,5.34,5.7,6.61,12.22,7.06,14177.9,8185.85,7663.73,622.0,Finland,55300.0,337330.0
Poultry,2.5,1.8,0.7,0.4,0.3,0.2,0.2,6.1,26.32,48.7,28.12,356.76,381.06,660.0,5.34,5.7,6.61,12.22,7.06,14177.9,8185.85,7663.73,623.0,France,9675277.91,59019195.250999995
Poultry,2.5,1.8,0.7,0.4,0.3,0.2,0.2,6.1,26.32,48.7,28.12,356.76,381.06,660.0,5.34,5.7,6.61,12.22,7.06,14177.9,8185.85,7663.73,624.0,Germany,8823.86,53825.546
Poultry,2.5,1.8,0.7,0.4,0.3,0.2,0.2,6.1,26.32,48.7,28.12,356.76,381.06,660.0,5.34,5.7,6.61,12.22,7.06,14177.9,8185.85,7663.73,625.0,Greece,1583781.08,9661064.588
Poultry,2.5,1.8,0.7,0.4,0.3,0.2,0.2,6.1,26.32,48.7,28.12,356.76,381.06,660.0,5.34,5.7,6.61,12.22,7.06,14177.9,8185.85,7663.73,626.0,Hungary,1771.73,10807.553
Poultry,2.5,1.8,0.7,0.4,0.3,0.2,0.2,6.1,26.32,48.7,28.12,356.76,381.06,660.0,5.34,5.7,6.61,12.22,7.06,14177.9,8185.85,7663.73,627.0,Ireland,2531.25,15440.625
Poultry,2.5,1.8,0.7,0.4,0.3,0.2,0.2,6.1,26.32,48.7,28.12,356.76,381.06,660.0,5.34,5.7,6.61,12.22,7.06,14177.9,8185.85,7663.73,628.0,Italy,23506276.09,143388284.149
Poultry,2.5,1.8,0.7,0.4,0.3,0.2,0.2,6.1,26.32,48.7,28.12,356.76,381.06,660.0,5.34,5.7,6.61,12.22,7.06,14177.9,8185.85,7663.73,629.0,Latvia,134139.01,818247.961
Poultry,2.5,1.8,0.7,0.4,0.3,0.2,0.2,6.1,26.32,48.7,28.12,356.76,381.06,660.0,5.34,5.7,6.61,12.22,7.06,14177.9,8185.85,7663.73,630.0,Lithuania,1018967.18,6215699.7979999995
Poultry,2.5,1.8,0.7,0.4,0.3,0.2,0.2,6.1,26.32,48.7,28.12,356.76,381.06,660.0,5.34,5.7,6.61,12.22,7.06,14177.9,8185.85,7663.73,631.0,Luxembourg,135.98,829.4779999999998
Poultry,2.5,1.8,0.7,0.4,0.3,0.2,0.2,6.1,26.32,48.7,28.12,356.76,381.06,660.0,5.34,5.7,6.61,12.22,7.06,14177.9,8185.85,7663.73,632.0,Malta,563362.5,3436511.25
Poultry,2.5,1.8,0.7,0.4,0.3,0.2,0.2,6.1,26.32,48.7,28.12,356.76,381.06,660.0,5.34,5.7,6.61,12.22,7.06,14177.9,8185.85,7663.73,633.0,Montenegro,580026.77,3538163.297
Poultry,2.5,1.8,0.7,0.4,0.3,0.2,0.2,6.1,26.32,48.7,28.12,356.76,381.06,660.0,5.34,5.7,6.61,12.22,7.06,14177.9,8185.85,7663.73,634.0,Netherlands,2701.05,16476.405
Poultry,2.5,1.8,0.7,0.4,0.3,0.2,0.2,6.1,26.32,48.7,28.12,356.76,381.06,660.0,5.34,5.7,6.61,12.22,7.06,14177.9,8185.85,7663.73,635.0,North Macedonia,46411.55,283110.455
Poultry,2.5,1.8,0.7,0.4,0.3,0.2,0.2,6.1,26.32,48.7,28.12,356.76,381.06,660.0,5.34,5.7,6.61,12.22,7.06,14177.9,8185.85,7663.73,636.0,Poland,163699.05,998564.2049999998
Poultry,2.5,1.8,0.7,0.4,0.3,0.2,0.2,6.1,26.32,48.7,28.12,356.76,381.06,660.0,5.34,5.7,6.61,12.22,7.06,14177.9,8185.85,7663.73,637.0,Portugal,99111.34,604579.174
Poultry,2.5,1.8,0.7,0.4,0.3,0.2,0.2,6.1,26.32,48.7,28.12,356.76,381.06,660.0,5.34,5.7,6.61,12.22,7.06,14177.9,8185.85,7663.73,638.0,Romania,3752081.21,22887695.380999997
Poultry,2.5,1.8,0.7,0.4,0.3,0.2,0.2,6.1,26.32,48.7,28.12,356.76,381.06,660.0,5.34,5.7,6.61,12.22,7.06,14177.9,8185.85,7663.73,639.0,Serbia,260985.03,1592008.683
Poultry,2.5,1.8,0.7,0.4,0.3,0.2,0.2,6.1,26.32,48.7,28.12,356.76,381.06,660.0,5.34,5.7,6.61,12.22,7.06,14177.9,8185.85,7663.73,640.0,Slovakia,881417.05,5376644.005
Poultry,2.5,1.8,0.7,0.4,0.3,0.2,0.2,6.1,26.32,48.7,28.12,356.76,381.06,660.0,5.34,5.7,6.61,12.22,7.06,14177.9,8185.85,7663.73,641.0,Slovenia,2332.73,14229.652999999998
Poultry,2.5,1.8,0.7,0.4,0.3,0.2,0.2,6.1,26.32,48.7,28.12,356.76,381.06,660.0,5.34,5.7,6.61,12.22,7.06,14177.9,8185.85,7663.73,642.0,Spain,8393.28,51199.008
Poultry,2.5,1.8,0.7,0.4,0.3,0.2,0.2,6.1,26.32,48.7,28.12,356.76,381.06,660.0,5.34,5.7,6.61,12.22,7.06,14177.9,8185.85,7663.73,643.0,Sweden,376.93,2299.2729999999997
Poultry,2.5,1.8,0.7,0.4,0.3,0.2,0.2,6.1,26.32,48.7,28.12,356.76,381.06,660.0,5.34,5.7,6.61,12.22,7.06,14177.9,8185.85,7663.73,644.0,Switzerland,9719.63,59289.742999999995
Poultry,2.5,1.8,0.7,0.4,0.3,0.2,0.2,6.1,26.32,48.7,28.12,356.76,381.06,660.0,5.34,5.7,6.61,12.22,7.06,14177.9,8185.85,7663.73,645.0,Ukraine,82767.55,504882.055
Rice,0.0,0.0,3.6,0.1,0.1,0.1,0.1,4.0,9.51,35.07,49.39,609.98,3166.76,2248.4,1.21,6.27,0.76,2.8,3.94,49576.3,69825.77,13449.89,34.0,Albania,0.0,0.0
Rice,0.0,0.0,3.6,0.1,0.1,0.1,0.1,4.0,9.51,35.07,49.39,609.98,3166.76,2248.4,1.21,6.27,0.76,2.8,3.94,49576.3,69825.77,13449.89,35.0,Austria,5600.68,22402.72
Rice,0.0,0.0,3.6,0.1,0.1,0.1,0.1,4.0,9.51,35.07,49.39,609.98,3166.76,2248.4,1.21,6.27,0.76,2.8,3.94,49576.3,69825.77,13449.89,36.0,Belarus,7697821.27,30791285.08
Rice,0.0,0.0,3.6,0.1,0.1,0.1,0.1,4.0,9.51,35.07,49.39,609.98,3166.76,2248.4,1.21,6.27,0.76,2.8,3.94,49576.3,69825.77,13449.89,37.0,Belgium,10456448.14,41825792.56
Rice,0.0,0.0,3.6,0.1,0.1,0.1,0.1,4.0,9.51,35.07,49.39,609.98,3166.76,2248.4,1.21,6.27,0.76,2.8,3.94,49576.3,69825.77,13449.89,38.0,Bosnia and Herzegovina,5862398.73,23449594.92
Rice,0.0,0.0,3.6,0.1,0.1,0.1,0.1,4.0,9.51,35.07,49.39,609.98,3166.76,2248.4,1.21,6.27,0.76,2.8,3.94,49576.3,69825.77,13449.89,39.0,Bulgaria,26445.99,105783.96
Rice,0.0,0.0,3.6,0.1,0.1,0.1,0.1,4.0,9.51,35.07,49.39,609.98,3166.76,2248.4,1.21,6.27,0.76,2.8,3.94,49576.3,69825.77,13449.89,40.0,Croatia,1635571.15,6542284.6
Rice,0.0,0.0,3.6,0.1,0.1,0.1,0.1,4.0,9.51,35.07,49.39,609.98,3166.76,2248.4,1.21,6.27,0.76,2.8,3.94,49576.3,69825.77,13449.89,41.0,Czechia,55270.14,221080.56
Rice,0.0,0.0,3.6,0.1,0.1,0.1,0.1,4.0,9.51,35.07,49.39,609.98,3166.76,2248.4,1.21,6.27,0.76,2.8,3.94,49576.3,69825.77,13449.89,42.0,Denmark,607238.4,2428953.6
Rice,0.0,0.0,3.6,0.1,0.1,0.1,0.1,4.0,9.51,35.07,49.39,609.98,3166.76,2248.4,1.21,6.27,0.76,2.8,3.94,49576.3,69825.77,13449.89,43.0,Estonia,101516.25,406065.0
Rice,0.0,0.0,3.6,0.1,0.1,0.1,0.1,4.0,9.51,35.07,49.39,609.98,3166.76,2248.4,1.21,6.27,0.76,2.8,3.94,49576.3,69825.77,13449.89,44.0,Finland,45604.5,182418.0
Rice,0.0,0.0,3.6,0.1,0.1,0.1,0.1,4.0,9.51,35.07,49.39,609.98,3166.76,2248.4,1.21,6.27,0.76,2.8,3.94,49576.3,69825.77,13449.89,45.0,France,4672.09,18688.36
Rice,0.0,0.0,3.6,0.1,0.1,0.1,0.1,4.0,9.51,35.07,49.39,609.98,3166.76,2248.4,1.21,6.27,0.76,2.8,3.94,49576.3,69825.77,13449.89,46.0,Germany,1630527.09,6522108.36
Rice,0.0,0.0,3.6,0.1,0.1,0.1,0.1,4.0,9.51,35.07,49.39,609.98,3166.76,2248.4,1.21,6.27,0.76,2.8,3.94,49576.3,69825.77,13449.89,47.0,Greece,963640.91,3854563.64
Rice,0.0,0.0,3.6,0.1,0.1,0.1,0.1,4.0,9.51,35.07,49.39,609.98,3166.76,2248.4,1.21,6.27,0.76,2.8,3.94,49576.3,69825.77,13449.89,48.0,Hungary,158592706.82,634370827.28
Rice,0.0,0.0,3.6,0.1,0.1,0.1,0.1,4.0,9.51,35.07,49.39,609.98,3166.76,2248.4,1.21,6.27,0.76,2.8,3.94,49576.3,69825.77,13449.89,49.0,Ireland,74957.75,299831.0
Rice,0.0,0.0,3.6,0.1,0.1,0.1,0.1,4.0,9.51,35.07,49.39,609.98,3166.76,2248.4,1.21,6.27,0.76,2.8,3.94,49576.3,69825.77,13449.89,50.0,Italy,345977.32,1383909.28
Rice,0.0,0.0,3.6,0.1,0.1,0.1,0.1,4.0,9.51,35.07,49.39,609.98,3166.76,2248.4,1.21,6.27,0.76,2.8,3.94,49576.3,69825.77,13449.89,51.0,Latvia,66250.0,265000.0
Rice,0.0,0.0,3.6,0.1,0.1,0.1,0.1,4.0,9.51,35.07,49.39,609.98,3166.76,2248.4,1.21,6.27,0.76,2.8,3.94,49576.3,69825.77,13449.89,52.0,Lithuania,45169.41,180677.64
Rice,0.0,0.0,3.6,0.1,0.1,0.1,0.1,4.0,9.51,35.07,49.39,609.98,3166.76,2248.4,1.21,6.27,0.76,2.8,3.94,49576.3,69825.77,13449.89,53.0,Luxembourg,8983269.95,35933079.8
Rice,0.0,0.0,3.6,0.1,0.1,0.1,0.1,4.0,9.51,35.07,49.39,609.98,3166.76,2248.4,1.21,6.27,0.76,2.8,3.94,49576.3,69825.77,13449.89,54.0,Malta,195091.5,780366.0
Rice,0.0,0.0,3.6,0.1,0.1,0.1,0.1,4.0,9.51,35.07,49.39,609.98,3166.76,2248.4,1.21,6.27,0.76,2.8,3.94,49576.3,69825.77,13449.89,55.0,Montenegro,15346640.69,61386562.76
Rice,0.0,0.0,3.6,0.1,0.1,0.1,0.1,4.0,9.51,35.07,49.39,609.98,3166.76,2248.4,1.21,6.27,0.76,2.8,3.94,49576.3,69825.77,13449.89,56.0,Netherlands,140290.95,561163.8
Rice,0.0,0.0,3.6,0.1,0.1,0.1,0.1,4.0,9.51,35.07,49.39,609.98,3166.76,2248.4,1.21,6.27,0.76,2.8,3.94,49576.3,69825.77,13449.89,57.0,North Macedonia,17532493.64,70129974.56
Rice,0.0,0.0,3.6,0.1,0.1,0.1,0.1,4.0,9.51,35.07,49.39,609.98,3166.76,2248.4,1.21,6.27,0.76,2.8,3.94,49576.3,69825.77,13449.89,58.0,Poland,476590.73,1906362.92
Rice,0.0,0.0,3.6,0.1,0.1,0.1,0.1,4.0,9.51,35.07,49.39,609.98,3166.76,2248.4,1.21,6.27,0.76,2.8,3.94,49576.3,69825.77,13449.89,59.0,Portugal,18628704.73,74514818.92
Rice,0.0,0.0,3.6,0.1,0.1,0.1,0.1,4.0,9.51,35.07,49.39,609.98,3166.76,2248.4,1.21,6.27,0.76,2.8,3.94,49576.3,69825.77,13449.89,60.0,Romania,528832.95,2115331.8
Rice,0.0,0.0,3.6,0.1,0.1,0.1,0.1,4.0,9.51,35.07,49.39,609.98,3166.76,2248.4,1.21,6.27,0.76,2.8,3.94,49576.3,69825.77,13449.89,61.0,Serbia,462933.62,1851734.48
Rice,0.0,0.0,3.6,0.1,0.1,0.1,0.1,4.0,9.51,35.07,49.39,609.98,3166.76,2248.4,1.21,6.27,0.76,2.8,3.94,49576.3,69825.77,13449.89,62.0,Slovakia,20923226.45,83692905.8
Rice,0.0,0.0,3.6,0.1,0.1,0.1,0.1,4.0,9.51,35.07,49.39,609.98,3166.76,2248.4,1.21,6.27,0.76,2.8,3.94,49576.3,69825.77,13449.89,63.0,Slovenia,5605342.23,22421368.92
Rice,0.0,0.0,3.6,0.1,0.1,0.1,0.1,4.0,9.51,35.07,49.39,609.98,3166.76,2248.4,1.21,6.27,0.76,2.8,3.94,49576.3,69825.77,13449.89,64.0,Spain,17691390.28,70765561.12
Rice,0.0,0.0,3.6,0.1,0.1,0.1,0.1,4.0,9.51,35.07,49.39,609.98,3166.76,2248.4,1.21,6.27,0.76,2.8,3.94,49576.3,69825.77,13449.89,65.0,Sweden,1416437.25,5665749.0
Rice,0.0,0.0,3.6,0.1,0.1,0.1,0.1,4.0,9.51,35.07,49.39,609.98,3166.76,2248.4,1.21,6.27,0.76,2.8,3.94,49576.3,69825.77,13449.89,66.0,Switzerland,19406042.06,77624168.24
Rice,0.0,0.0,3.6,0.1,0.1,0.1,0.1,4.0,9.51,35.07,49.39,609.98,3166.76,2248.4,1.21,6.27,0.76,2.8,3.94,49576.3,69825.77,13449.89,67.0,Ukraine,36800.65,147202.6
Soybean,3.1,0.0,1.5,0.3,0.3,0.8,0.0,6.0,,11.69,,,,414.6,,,,10.52,,14888.2,,,306.0,Albania,41793471.41,250760828.45999998
Soybean,3.1,0.0,1.5,0.3,0.3,0.8,0.0,6.0,,11.69,,,,414.6,,,,10.52,,14888.2,,,307.0,Austria,6836637.82,41019826.92
Soybean,3.1,0.0,1.5,0.3,0.3,0.8,0.0,6.0,,11.69,,,,414.6,,,,10.52,,14888.2,,,308.0,Belarus,37864.18,227185.08000000002
Soybean,3.1,0.0,1.5,0.3,0.3,0.8,0.0,6.0,,11.69,,,,414.6,,,,10.52,,14888.2,,,309.0,Belgium,107584.68,645508.08
Soybean,3.1,0.0,1.5,0.3,0.3,0.8,0.0,6.0,,11.69,,,,414.6,,,,10.52,,14888.2,,,310.0,Bosnia and Herzegovina,12599729.36,75598376.16
Soybean,3.1,0.0,1.5,0.3,0.3,0.8,0.0,6.0,,11.69,,,,414.6,,,,10.52,,14888.2,,,311.0,Bulgaria,2497.47,14984.82
Soybean,3.1,0.0,1.5,0.3,0.3,0.8,0.0,6.0,,11.69,,,,414.6,,,,10.52,,14888.2,,,312.0,Croatia,5785663.0,34713978.0
Soybean,3.1,0.0,1.5,0.3,0.3,0.8,0.0,6.0,,11.69,,,,414.6,,,,10.52,,14888.2,,,313.0,Czechia,1694.74,10168.44
Soybean,3.1,0.0,1.5,0.3,0.3,0.8,0.0,6.0,,11.69,,,,414.6,,,,10.52,,14888.2,,,314.0,Denmark,7197986.77,43187920.62
Soybean,3.1,0.0,1.5,0.3,0.3,0.8,0.0,6.0,,11.69,,,,414.6,,,,10.52,,14888.2,,,315.0,Estonia,1375522.05,8253132.300000001
Soybean,3.1,0.0,1.5,0.3,0.3,0.8,0.0,6.0,,11.69,,,,414.6,,,,10.52,,14888.2,,,316.0,Finland,8515.0,51090.0
Soybean,3.1,0.0,1.5,0.3,0.3,0.8,0.0,6.0,,11.69,,,,414.6,,,,10.52,,14888.2,,,317.0,France,221503.45,1329020.7000000002
Soybean,3.1,0.0,1.5,0.3,0.3,0.8,0.0,6.0,,11.69,,,,414.6,,,,10.52,,14888.2,,,318.0,Germany,11768.55,70611.29999999999
Soybean,3.1,0.0,1.5,0.3,0.3,0.8,0.0,6.0,,11.69,,,,414.6,,,,10.52,,14888.2,,,319.0,Greece,135.82,814.92
Soybean,3.1,0.0,1.5,0.3,0.3,0.8,0.0,6.0,,11.69,,,,414.6,,,,10.52,,14888.2,,,320.0,Hungary,1337.68,8026.08
Soybean,3.1,0.0,1.5,0.3,0.3,0.8,0.0,6.0,,11.69,,,,414.6,,,,10.52,,14888.2,,,321.0,Ireland,0.0,0.0
Soybean,3.1,0.0,1.5,0.3,0.3,0.8,0.0,6.0,,11.69,,,,414.6,,,,10.52,,14888.2,,,322.0,Italy,1806346.89,10838081.34
Soybean,3.1,0.0,1.5,0.3,0.3,0.8,0.0,6.0,,11.69,,,,414.6,,,,10.52,,14888.2,,,323.0,Latvia,96614.25,579685.5
Soybean,3.1,0.0,1.5,0.3,0.3,0.8,0.0,6.0,,11.69,,,,414.6,,,,10.52,,14888.2,,,324.0,Lithuania,11570.59,69423.54000000001
Soybean,3.1,0.0,1.5,0.3,0.3,0.8,0.0,6.0,,11.69,,,,414.6,,,,10.52,,14888.2,,,325.0,Luxembourg,4505.95,27035.699999999997
Soybean,3.1,0.0,1.5,0.3,0.3,0.8,0.0,6.0,,11.69,,,,414.6,,,,10.52,,14888.2,,,326.0,Malta,151500.0,909000.0
Soybean,3.1,0.0,1.5,0.3,0.3,0.8,0.0,6.0,,11.69,,,,414.6,,,,10.52,,14888.2,,,327.0,Montenegro,173254.03,1039524.1799999999
Soybean,3.1,0.0,1.5,0.3,0.3,0.8,0.0,6.0,,11.69,,,,414.6,,,,10.52,,14888.2,,,328.0,Netherlands,491502.08,2949012.48
Soybean,3.1,0.0,1.5,0.3,0.3,0.8,0.0,6.0,,11.69,,,,414.6,,,,10.52,,14888.2,,,329.0,North Macedonia,338991.41,2033948.46
Soybean,3.1,0.0,1.5,0.3,0.3,0.8,0.0,6.0,,11.69,,,,414.6,,,,10.52,,14888.2,,,330.0,Poland,12375.43,74252.58
Soybean,3.1,0.0,1.5,0.3,0.3,0.8,0.0,6.0,,11.69,,,,414.6,,,,10.52,,14888.2,,,331.0,Portugal,381888.28,2291329.68
Soybean,3.1,0.0,1.5,0.3,0.3,0.8,0.0,6.0,,11.69,,,,414.6,,,,10.52,,14888.2,,,332.0,Romania,12328057.45,73968344.69999999
Soybean,3.1,0.0,1.5,0.3,0.3,0.8,0.0,6.0,,11.69,,,,414.6,,,,10.52,,14888.2,,,333.0,Serbia,3236048.64,19416291.84
Soybean,3.1,0.0,1.5,0.3,0.3,0.8,0.0,6.0,,11.69,,,,414.6,,,,10.52,,14888.2,,,334.0,Slovakia,1727387.55,10364325.3
Soybean,3.1,0.0,1.5,0.3,0.3,0.8,0.0,6.0,,11.69,,,,414.6,,,,10.52,,14888.2,,,335.0,Slovenia,56125.93,336755.58
Soybean,3.1,0.0,1.5,0.3,0.3,0.8,0.0,6.0,,11.69,,,,414.6,,,,10.52,,14888.2,,,336.0,Spain,237980.86,1427885.16
Soybean,3.1,0.0,1.5,0.3,0.3,0.8,0.0,6.0,,11.69,,,,414.6,,,,10.52,,14888.2,,,337.0,Sweden,5554238.75,33325432.5
Soybean,3.1,0.0,1.5,0.3,0.3,0.8,0.0,6.0,,11.69,,,,414.6,,,,10.52,,14888.2,,,338.0,Switzerland,6755666.42,40533998.519999996
Soybean,3.1,0.0,1.5,0.3,0.3,0.8,0.0,6.0,,11.69,,,,414.6,,,,10.52,,14888.2,,,339.0,Ukraine,1481.82,8890.92
Sunflower,0.1,0.0,2.1,0.2,0.2,0.9,0.0,3.5,5.73,50.66,,114.02,,1007.9,0.41,,2.0,17.66,,36369.4,,4114.19,238.0,Albania,1956.86,6849.009999999999
Sunflower,0.1,0.0,2.1,0.2,0.2,0.9,0.0,3.5,5.73,50.66,,114.02,,1007.9,0.41,,2.0,17.66,,36369.4,,4114.19,239.0,Austria,10703.14,37460.99
Sunflower,0.1,0.0,2.1,0.2,0.2,0.9,0.0,3.5,5.73,50.66,,114.02,,1007.9,0.41,,2.0,17.66,,36369.4,,4114.19,240.0,Belarus,459579.0,1608526.5
Sunflower,0.1,0.0,2.1,0.2,0.2,0.9,0.0,3.5,5.73,50.66,,114.02,,1007.9,0.41,,2.0,17.66,,36369.4,,4114.19,241.0,Belgium,1188598.45,4160094.5749999997
Sunflower,0.1,0.0,2.1,0.2,0.2,0.9,0.0,3.5,5.73,50.66,,114.02,,1007.9,0.41,,2.0,17.66,,36369.4,,4114.19,242.0,Bosnia and Herzegovina,1506528.14,5272848.489999999
Sunflower,0.1,0.0,2.1,0.2,0.2,0.9,0.0,3.5,5.73,50.66,,114.02,,1007.9,0.41,,2.0,17.66,,36369.4,,4114.19,243.0,Bulgaria,131902.04,461657.14
Sunflower,0.1,0.0,2.1,0.2,0.2,0.9,0.0,3.5,5.73,50.66,,114.02,,1007.9,0.41,,2.0,17.66,,36369.4,,4114.19,244.0,Croatia,232161.78,812566.23
Sunflower,0.1,0.0,2.1,0.2,0.2,0.9,0.0,3.5,5.73,50.66,,114.02,,1007.9,0.41,,2.0,17.66,,36369.4,,4114.19,245.0,Czechia,39707.0,138974.5
Sunflower,0.1,0.0,2.1,0.2,0.2,0.9,0.0,3.5,5.73,50.66,,114.02,,1007.9,0.41,,2.0,17.66,,36369.4,,4114.19,246.0,Denmark,687239.47,2405338.145
Sunflower,0.1,0.0,2.1,0.2,0.2,0.9,0.0,3.5,5.73,50.66,,114.02,,1007.9,0.41,,2.0,17.66,,36369.4,,4114.19,247.0,Estonia,114878.5,402074.75
Sunflower,0.1,0.0,2.1,0.2,0.2,0.9,0.0,3.5,5.73,50.66,,114.02,,1007.9,0.41,,2.0,17.66,,36369.4,,4114.19,248.0,Finland,112343.0,393200.5
Sunflower,0.1,0.0,2.1,0.2,0.2,0.9,0.0,3.5,5.73,50.66,,114.02,,1007.9,0.41,,2.0,17.66,,36369.4,,4114.19,249.0,France,11034.45,38620.575000000004
Sunflower,0.1,0.0,2.1,0.2,0.2,0.9,0.0,3.5,5.73,50.66,,114.02,,1007.9,0.41,,2.0,17.66,,36369.4,,4114.19,250.0,Germany,1627832.32,5697413.12
Sunflower,0.1,0.0,2.1,0.2,0.2,0.9,0.0,3.5,5.73,50.66,,114.02,,1007.9,0.41,,2.0,17.66,,36369.4,,4114.19,251.0,Greece,5614.27,19649.945
Sunflower,0.1,0.0,2.1,0.2,0.2,0.9,0.0,3.5,5.73,50.66,,114.02,,1007.9,0.41,,2.0,17.66,,36369.4,,4114.19,252.0,Hungary,11706.18,40971.630000000005
Sunflower,0.1,0.0,2.1,0.2,0.2,0.9,0.0,3.5,5.73,50.66,,114.02,,1007.9,0.41,,2.0,17.66,,36369.4,,4114.19,253.0,Ireland,10726.08,37541.28
Sunflower,0.1,0.0,2.1,0.2,0.2,0.9,0.0,3.5,5.73,50.66,,114.02,,1007.9,0.41,,2.0,17.66,,36369.4,,4114.19,254.0,Italy,2999138.64,10496985.24
Sunflower,0.1,0.0,2.1,0.2,0.2,0.9,0.0,3.5,5.73,50.66,,114.02,,1007.9,0.41,,2.0,17.66,,36369.4,,4114.19,255.0,Latvia,16918435.25,59214523.375
Sunflower,0.1,0.0,2.1,0.2,0.2,0.9,0.0,3.5,5.73,50.66,,114.02,,1007.9,0.41,,2.0,17.66,,36369.4,,4114.19,256.0,Lithuania,457414.78,1600951.73
Sunflower,0.1,0.0,2.1,0.2,0.2,0.9,0.0,3.5,5.73,50.66,,114.02,,1007.9,0.41,,2.0,17.66,,36369.4,,4114.19,257.0,Luxembourg,1014226.88,3549794.08
Sunflower,0.1,0.0,2.1,0.2,0.2,0.9,0.0,3.5,5.73,50.66,,114.02,,1007.9,0.41,,2.0,17.66,,36369.4,,4114.19,258.0,Malta,6640016.65,23240058.275000002
Sunflower,0.1,0.0,2.1,0.2,0.2,0.9,0.0,3.5,5.73,50.66,,114.02,,1007.9,0.41,,2.0,17.66,,36369.4,,4114.19,259.0,Montenegro,41035.72,143625.02000000002
Sunflower,0.1,0.0,2.1,0.2,0.2,0.9,0.0,3.5,5.73,50.66,,114.02,,1007.9,0.41,,2.0,17.66,,36369.4,,4114.19,260.0,Netherlands,49459.11,173106.885
Sunflower,0.1,0.0,2.1,0.2,0.2,0.9,0.0,3.5,5.73,50.66,,114.02,,1007.9,0.41,,2.0,17.66,,36369.4,,4114.19,261.0,North Macedonia,287678.53,1006874.8550000001
Sunflower,0.1,0.0,2.1,0.2,0.2,0.9,0.0,3.5,5.73,50.66,,114.02,,1007.9,0.41,,2.0,17.66,,36369.4,,4114.19,262.0,Poland,311005.92,1088520.72
Sunflower,0.1,0.0,2.1,0.2,0.2,0.9,0.0,3.5,5.73,50.66,,114.02,,1007.9,0.41,,2.0,17.66,,36369.4,,4114.19,263.0,Portugal,95693.59,334927.565
Sunflower,0.1,0.0,2.1,0.2,0.2,0.9,0.0,3.5,5.73,50.66,,114.02,,1007.9,0.41,,2.0,17.66,,36369.4,,4114.19,264.0,Romania,35848.97,125471.395
Sunflower,0.1,0.0,2.1,0.2,0.2,0.9,0.0,3.5,5.73,50.66,,114.02,,1007.9,0.41,,2.0,17.66,,36369.4,,4114.19,265.0,Serbia,15487.5,54206.25
Sunflower,0.1,0.0,2.1,0.2,0.2,0.9,0.0,3.5,5.73,50.66,,114.02,,1007.9,0.41,,2.0,17.66,,36369.4,,4114.19,266.0,Slovakia,3310193.76,11585678.16
Sunflower,0.1,0.0,2.1,0.2,0.2,0.9,0.0,3.5,5.73,50.66,,114.02,,1007.9,0.41,,2.0,17.66,,36369.4,,4114.19,267.0,Slovenia,2643056.15,9250696.525
Sunflower,0.1,0.0,2.1,0.2,0.2,0.9,0.0,3.5,5.73,50.66,,114.02,,1007.9,0.41,,2.0,17.66,,36369.4,,4114.19,268.0,Spain,886279.39,3101977.865
Sunflower,0.1,0.0,2.1,0.2,0.2,0.9,0.0,3.5,5.73,50.66,,114.02,,1007.9,0.41,,2.0,17.66,,36369.4,,4114.19,269.0,Sweden,988458.4,3459604.4
Sunflower,0.1,0.0,2.1,0.2,0.2,0.9,0.0,3.5,5.73,50.66,,114.02,,1007.9,0.41,,2.0,17.66,,36369.4,,4114.19,270.0,Switzerland,455556.56,1594447.96
Sunflower,0.1,0.0,2.1,0.2,0.2,0.9,0.0,3.5,5.73,50.66,,114.02,,1007.9,0.41,,2.0,17.66,,36369.4,,4114.19,271.0,Ukraine,13001.58,45505.53
Tomatoes,0.4,0.0,0.7,0.0,0.2,0.1,0.0,1.4,39.53,7.51,68.27,1946.32,3361.82,369.8,11.0,19.0,4.21,0.8,7.27,5335.7,48506.36,28082.63,136.0,Albania,865398.57,1211557.998
Tomatoes,0.4,0.0,0.7,0.0,0.2,0.1,0.0,1.4,39.53,7.51,68.27,1946.32,3361.82,369.8,11.0,19.0,4.21,0.8,7.27,5335.7,48506.36,28082.63,137.0,Austria,7423.14,10392.396
Tomatoes,0.4,0.0,0.7,0.0,0.2,0.1,0.0,1.4,39.53,7.51,68.27,1946.32,3361.82,369.8,11.0,19.0,4.21,0.8,7.27,5335.7,48506.36,28082.63,138.0,Belarus,189711.36,265595.904
Tomatoes,0.4,0.0,0.7,0.0,0.2,0.1,0.0,1.4,39.53,7.51,68.27,1946.32,3361.82,369.8,11.0,19.0,4.21,0.8,7.27,5335.7,48506.36,28082.63,139.0,Belgium,248585.47,348019.658
Tomatoes,0.4,0.0,0.7,0.0,0.2,0.1,0.0,1.4,39.53,7.51,68.27,1946.32,3361.82,369.8,11.0,19.0,4.21,0.8,7.27,5335.7,48506.36,28082.63,140.0,Bosnia and Herzegovina,956698.77,1339378.278
Tomatoes,0.4,0.0,0.7,0.0,0.2,0.1,0.0,1.4,39.53,7.51,68.27,1946.32,3361.82,369.8,11.0,19.0,4.21,0.8,7.27,5335.7,48506.36,28082.63,141.0,Bulgaria,62657.7,87720.77999999998
Tomatoes,0.4,0.0,0.7,0.0,0.2,0.1,0.0,1.4,39.53,7.51,68.27,1946.32,3361.82,369.8,11.0,19.0,4.21,0.8,7.27,5335.7,48506.36,28082.63,142.0,Croatia,23992.04,33588.856
Tomatoes,0.4,0.0,0.7,0.0,0.2,0.1,0.0,1.4,39.53,7.51,68.27,1946.32,3361.82,369.8,11.0,19.0,4.21,0.8,7.27,5335.7,48506.36,28082.63,143.0,Czechia,1178.48,1649.8719999999998
Tomatoes,0.4,0.0,0.7,0.0,0.2,0.1,0.0,1.4,39.53,7.51,68.27,1946.32,3361.82,369.8,11.0,19.0,4.21,0.8,7.27,5335.7,48506.36,28082.63,144.0,Denmark,155035.72,217050.008
Tomatoes,0.4,0.0,0.7,0.0,0.2,0.1,0.0,1.4,39.53,7.51,68.27,1946.32,3361.82,369.8,11.0,19.0,4.21,0.8,7.27,5335.7,48506.36,28082.63,145.0,Estonia,19870864.5,27819210.299999997
Tomatoes,0.4,0.0,0.7,0.0,0.2,0.1,0.0,1.4,39.53,7.51,68.27,1946.32,3361.82,369.8,11.0,19.0,4.21,0.8,7.27,5335.7,48506.36,28082.63,146.0,Finland,418.44,585.8159999999999
Tomatoes,0.4,0.0,0.7,0.0,0.2,0.1,0.0,1.4,39.53,7.51,68.27,1946.32,3361.82,369.8,11.0,19.0,4.21,0.8,7.27,5335.7,48506.36,28082.63,147.0,France,67598.82,94638.348
Tomatoes,0.4,0.0,0.7,0.0,0.2,0.1,0.0,1.4,39.53,7.51,68.27,1946.32,3361.82,369.8,11.0,19.0,4.21,0.8,7.27,5335.7,48506.36,28082.63,148.0,Germany,2377.0,3327.7999999999997
Tomatoes,0.4,0.0,0.7,0.0,0.2,0.1,0.0,1.4,39.53,7.51,68.27,1946.32,3361.82,369.8,11.0,19.0,4.21,0.8,7.27,5335.7,48506.36,28082.63,149.0,Greece,2404.27,3365.9779999999996
Tomatoes,0.4,0.0,0.7,0.0,0.2,0.1,0.0,1.4,39.53,7.51,68.27,1946.32,3361.82,369.8,11.0,19.0,4.21,0.8,7.27,5335.7,48506.36,28082.63,150.0,Hungary,4044064.2,5661689.88
Tomatoes,0.4,0.0,0.7,0.0,0.2,0.1,0.0,1.4,39.53,7.51,68.27,1946.32,3361.82,369.8,11.0,19.0,4.21,0.8,7.27,5335.7,48506.36,28082.63,151.0,Ireland,5435.0,7608.999999999999
Tomatoes,0.4,0.0,0.7,0.0,0.2,0.1,0.0,1.4,39.53,7.51,68.27,1946.32,3361.82,369.8,11.0,19.0,4.21,0.8,7.27,5335.7,48506.36,28082.63,152.0,Italy,501101.76,701542.4639999999
Tomatoes,0.4,0.0,0.7,0.0,0.2,0.1,0.0,1.4,39.53,7.51,68.27,1946.32,3361.82,369.8,11.0,19.0,4.21,0.8,7.27,5335.7,48506.36,28082.63,153.0,Latvia,1978.62,2770.0679999999998
Tomatoes,0.4,0.0,0.7,0.0,0.2,0.1,0.0,1.4,39.53,7.51,68.27,1946.32,3361.82,369.8,11.0,19.0,4.21,0.8,7.27,5335.7,48506.36,28082.63,154.0,Lithuania,27242871.0,38140019.4
Tomatoes,0.4,0.0,0.7,0.0,0.2,0.1,0.0,1.4,39.53,7.51,68.27,1946.32,3361.82,369.8,11.0,19.0,4.21,0.8,7.27,5335.7,48506.36,28082.63,155.0,Luxembourg,24035.97,33650.358
Tomatoes,0.4,0.0,0.7,0.0,0.2,0.1,0.0,1.4,39.53,7.51,68.27,1946.32,3361.82,369.8,11.0,19.0,4.21,0.8,7.27,5335.7,48506.36,28082.63,156.0,Malta,2699.0,3778.6
Tomatoes,0.4,0.0,0.7,0.0,0.2,0.1,0.0,1.4,39.53,7.51,68.27,1946.32,3361.82,369.8,11.0,19.0,4.21,0.8,7.27,5335.7,48506.36,28082.63,157.0,Montenegro,16323429.56,22852801.384
Tomatoes,0.4,0.0,0.7,0.0,0.2,0.1,0.0,1.4,39.53,7.51,68.27,1946.32,3361.82,369.8,11.0,19.0,4.21,0.8,7.27,5335.7,48506.36,28082.63,158.0,Netherlands,65564.33,91790.06199999999
Tomatoes,0.4,0.0,0.7,0.0,0.2,0.1,0.0,1.4,39.53,7.51,68.27,1946.32,3361.82,369.8,11.0,19.0,4.21,0.8,7.27,5335.7,48506.36,28082.63,159.0,North Macedonia,151088.41,211523.774
Tomatoes,0.4,0.0,0.7,0.0,0.2,0.1,0.0,1.4,39.53,7.51,68.27,1946.32,3361.82,369.8,11.0,19.0,4.21,0.8,7.27,5335.7,48506.36,28082.63,160.0,Poland,1050780.18,1471092.2519999999
Tomatoes,0.4,0.0,0.7,0.0,0.2,0.1,0.0,1.4,39.53,7.51,68.27,1946.32,3361.82,369.8,11.0,19.0,4.21,0.8,7.27,5335.7,48506.36,28082.63,161.0,Portugal,1268893.7,1776451.18
Tomatoes,0.4,0.0,0.7,0.0,0.2,0.1,0.0,1.4,39.53,7.51,68.27,1946.32,3361.82,369.8,11.0,19.0,4.21,0.8,7.27,5335.7,48506.36,28082.63,162.0,Romania,85447.86,119627.00399999999
Tomatoes,0.4,0.0,0.7,0.0,0.2,0.1,0.0,1.4,39.53,7.51,68.27,1946.32,3361.82,369.8,11.0,19.0,4.21,0.8,7.27,5335.7,48506.36,28082.63,163.0,Serbia,553286.86,774601.6039999999
Tomatoes,0.4,0.0,0.7,0.0,0.2,0.1,0.0,1.4,39.53,7.51,68.27,1946.32,3361.82,369.8,11.0,19.0,4.21,0.8,7.27,5335.7,48506.36,28082.63,164.0,Slovakia,4729631.27,6621483.777999999
Tomatoes,0.4,0.0,0.7,0.0,0.2,0.1,0.0,1.4,39.53,7.51,68.27,1946.32,3361.82,369.8,11.0,19.0,4.21,0.8,7.27,5335.7,48506.36,28082.63,165.0,Slovenia,3653208.0,5114491.199999999
Tomatoes,0.4,0.0,0.7,0.0,0.2,0.1,0.0,1.4,39.53,7.51,68.27,1946.32,3361.82,369.8,11.0,19.0,4.21,0.8,7.27,5335.7,48506.36,28082.63,166.0,Spain,101453.28,142034.59199999998
Tomatoes,0.4,0.0,0.7,0.0,0.2,0.1,0.0,1.4,39.53,7.51,68.27,1946.32,3361.82,369.8,11.0,19.0,4.21,0.8,7.27,5335.7,48506.36,28082.63,167.0,Sweden,137328.5,192259.9
Tomatoes,0.4,0.0,0.7,0.0,0.2,0.1,0.0,1.4,39.53,7.51,68.27,1946.32,3361.82,369.8,11.0,19.0,4.21,0.8,7.27,5335.7,48506.36,28082.63,168.0,Switzerland,161832.82,226565.948
Tomatoes,0.4,0.0,0.7,0.0,0.2,0.1,0.0,1.4,39.53,7.51,68.27,1946.32,3361.82,369.8,11.0,19.0,4.21,0.8,7.27,5335.7,48506.36,28082.63,169.0,Ukraine,4040203.42,5656284.788
Wheat,0.1,0.0,0.8,0.2,0.1,0.1,0.1,1.4,,,,,,,,,,,,,,,102.0,Albania,275413.18,385578.452
Wheat,0.1,0.0,0.8,0.2,0.1,0.1,0.1,1.4,,,,,,,,,,,,,,,103.0,Austria,451853.86,632595.404
Wheat,0.1,0.0,0.8,0.2,0.1,0.1,0.1,1.4,,,,,,,,,,,,,,,104.0,Belarus,169374.2,237123.88
Wheat,0.1,0.0,0.8,0.2,0.1,0.1,0.1,1.4,,,,,,,,,,,,,,,105.0,Belgium,269815.33,377741.462
Wheat,0.1,0.0,0.8,0.2,0.1,0.1,0.1,1.4,,,,,,,,,,,,,,,106.0,Bosnia and Herzegovina,7293810.26,10211334.363999998
Wheat,0.1,0.0,0.8,0.2,0.1,0.1,0.1,1.4,,,,,,,,,,,,,,,107.0,Bulgaria,3328.73,4660.222
Wheat,0.1,0.0,0.8,0.2,0.1,0.1,0.1,1.4,,,,,,,,,,,,,,,108.0,Croatia,70768008.27,99075211.578
Wheat,0.1,0.0,0.8,0.2,0.1,0.1,0.1,1.4,,,,,,,,,,,,,,,109.0,Czechia,112047500.36,156866500.50399998
Wheat,0.1,0.0,0.8,0.2,0.1,0.1,0.1,1.4,,,,,,,,,,,,,,,110.0,Denmark,35291603.55,49408244.96999999
Wheat,0.1,0.0,0.8,0.2,0.1,0.1,0.1,1.4,,,,,,,,,,,,,,,111.0,Estonia,602000.0,842800.0
Wheat,0.1,0.0,0.8,0.2,0.1,0.1,0.1,1.4,,,,,,,,,,,,,,,112.0,Finland,1501633.0,2102286.1999999997
Wheat,0.1,0.0,0.8,0.2,0.1,0.1,0.1,1.4,,,,,,,,,,,,,,,113.0,France,35124344.73,49174082.621999994
Wheat,0.1,0.0,0.8,0.2,0.1,0.1,0.1,1.4,,,,,,,,,,,,,,,114.0,Germany,141802.95,198524.13
Wheat,0.1,0.0,0.8,0.2,0.1,0.1,0.1,1.4,,,,,,,,,,,,,,,115.0,Greece,80257619.64,112360667.49599999
Wheat,0.1,0.0,0.8,0.2,0.1,0.1,0.1,1.4,,,,,,,,,,,,,,,116.0,Hungary,744943.73,1042921.222
Wheat,0.1,0.0,0.8,0.2,0.1,0.1,0.1,1.4,,,,,,,,,,,,,,,117.0,Ireland,1460.69,2044.966
Wheat,0.1,0.0,0.8,0.2,0.1,0.1,0.1,1.4,,,,,,,,,,,,,,,118.0,Italy,3550.55,4970.7699999999995
Wheat,0.1,0.0,0.8,0.2,0.1,0.1,0.1,1.4,,,,,,,,,,,,,,,119.0,Latvia,86327611.0,120858655.39999999
Wheat,0.1,0.0,0.8,0.2,0.1,0.1,0.1,1.4,,,,,,,,,,,,,,,120.0,Lithuania,10788001.68,15103202.351999998
Wheat,0.1,0.0,0.8,0.2,0.1,0.1,0.1,1.4,,,,,,,,,,,,,,,121.0,Luxembourg,18382201.91,25735082.674
Wheat,0.1,0.0,0.8,0.2,0.1,0.1,0.1,1.4,,,,,,,,,,,,,,,122.0,Malta,4504884.25,6306837.949999999
Wheat,0.1,0.0,0.8,0.2,0.1,0.1,0.1,1.4,,,,,,,,,,,,,,,123.0,Montenegro,1496615.12,2095261.168
Wheat,0.1,0.0,0.8,0.2,0.1,0.1,0.1,1.4,,,,,,,,,,,,,,,124.0,Netherlands,120269.09,168376.726
Wheat,0.1,0.0,0.8,0.2,0.1,0.1,0.1,1.4,,,,,,,,,,,,,,,125.0,North Macedonia,644971.18,902959.652
Wheat,0.1,0.0,0.8,0.2,0.1,0.1,0.1,1.4,,,,,,,,,,,,,,,126.0,Poland,236931598.86,331704238.404
Wheat,0.1,0.0,0.8,0.2,0.1,0.1,0.1,1.4,,,,,,,,,,,,,,,127.0,Portugal,910170.68,1274238.952
Wheat,0.1,0.0,0.8,0.2,0.1,0.1,0.1,1.4,,,,,,,,,,,,,,,128.0,Romania,29111892.0,40756648.8
Wheat,0.1,0.0,0.8,0.2,0.1,0.1,0.1,1.4,,,,,,,,,,,,,,,129.0,Serbia,3970038.36,5558053.704
Wheat,0.1,0.0,0.8,0.2,0.1,0.1,0.1,1.4,,,,,,,,,,,,,,,130.0,Slovakia,24200356.7,33880499.379999995
Wheat,0.1,0.0,0.8,0.2,0.1,0.1,0.1,1.4,,,,,,,,,,,,,,,131.0,Slovenia,37206126.24,52088576.736
Wheat,0.1,0.0,0.8,0.2,0.1,0.1,0.1,1.4,,,,,,,,,,,,,,,132.0,Spain,3728062.44,5219287.415999999
Wheat,0.1,0.0,0.8,0.2,0.1,0.1,0.1,1.4,,,,,,,,,,,,,,,133.0,Sweden,16161.2,22625.68
Wheat,0.1,0.0,0.8,0.2,0.1,0.1,0.1,1.4,,,,,,,,,,,,,,,134.0,Switzerland,39443893.42,55221450.788
Wheat,0.1,0.0,0.8,0.2,0.1,0.1,0.1,1.4,,,,,,,,,,,,,,,135.0,Ukraine,2986661.82,4181326.5479999995
